"","round","department","city","pdi","latitude","longitude","arcgis_address","score","location.x","location.y","extent.xmin","extent.ymin","extent.xmax","extent.ymax"
"1",6,"Ouest","Port-au-Prince",1318,18.54349,-72.33881,"Port-au-Prince, Departement de l'Ouest",100,-72.33881,18.54349,-72.48781,18.39449,-72.18981,18.69249
"2",6,"Ouest","Port-au-Prince",6500,18.54349,-72.33881,"Port-au-Prince, Departement de l'Ouest",100,-72.33881,18.54349,-72.48781,18.39449,-72.18981,18.69249
"3",6,"Ouest","Port-au-Prince",1206,18.54349,-72.33881,"Port-au-Prince, Departement de l'Ouest",100,-72.33881,18.54349,-72.48781,18.39449,-72.18981,18.69249
"4",6,"Ouest","Delmas",70,18.5581224,-72.2971561,"Delmas, Port-au-Prince, L'Ouest",100,-72.2971561,18.5581224,-72.3321561,18.5231224,-72.2621561,18.5931224
"5",6,"Ouest","Carrefour",677,18.54114,-72.39922,"Carrefour, Port-au-Prince, Département de l'Ouest",100,-72.39922,18.54114,-72.48922,18.45114,-72.30922,18.63114
"6",6,"Ouest","Carrefour",195,18.54114,-72.39922,"Carrefour, Port-au-Prince, Département de l'Ouest",100,-72.39922,18.54114,-72.48922,18.45114,-72.30922,18.63114
"7",6,"Ouest","Carrefour",170,18.54114,-72.39922,"Carrefour, Port-au-Prince, Département de l'Ouest",100,-72.39922,18.54114,-72.48922,18.45114,-72.30922,18.63114
"8",6,"Ouest","Carrefour",75,18.54114,-72.39922,"Carrefour, Port-au-Prince, Département de l'Ouest",100,-72.39922,18.54114,-72.48922,18.45114,-72.30922,18.63114
"9",6,"Ouest","Carrefour",50,18.54114,-72.39922,"Carrefour, Port-au-Prince, Département de l'Ouest",100,-72.39922,18.54114,-72.48922,18.45114,-72.30922,18.63114
"10",6,"Ouest","Carrefour",50,18.54114,-72.39922,"Carrefour, Port-au-Prince, Département de l'Ouest",100,-72.39922,18.54114,-72.48922,18.45114,-72.30922,18.63114
"11",6,"Ouest","Carrefour",50,18.54114,-72.39922,"Carrefour, Port-au-Prince, Département de l'Ouest",100,-72.39922,18.54114,-72.48922,18.45114,-72.30922,18.63114
"12",6,"Ouest","Carrefour",40,18.54114,-72.39922,"Carrefour, Port-au-Prince, Département de l'Ouest",100,-72.39922,18.54114,-72.48922,18.45114,-72.30922,18.63114
"13",6,"Ouest","Port-au-Prince",5,18.54349,-72.33881,"Port-au-Prince, Departement de l'Ouest",100,-72.33881,18.54349,-72.48781,18.39449,-72.18981,18.69249
"14",6,"Ouest","Port-au-Prince",9750,18.54349,-72.33881,"Port-au-Prince, Departement de l'Ouest",100,-72.33881,18.54349,-72.48781,18.39449,-72.18981,18.69249
"15",6,"Ouest","Port-au-Prince",2255,18.54349,-72.33881,"Port-au-Prince, Departement de l'Ouest",100,-72.33881,18.54349,-72.48781,18.39449,-72.18981,18.69249
"16",6,"Ouest","Port-au-Prince",1690,18.54349,-72.33881,"Port-au-Prince, Departement de l'Ouest",100,-72.33881,18.54349,-72.48781,18.39449,-72.18981,18.69249
"17",6,"Ouest","Gressier",764,18.5386508,-72.4856259,"Gressier, Port-au-Prince, L'Ouest",100,-72.4856259,18.5386508,-72.5366259,18.4876508,-72.4346259,18.5896508
"18",6,"Ouest","Gressier",500,18.5386508,-72.4856259,"Gressier, Port-au-Prince, L'Ouest",100,-72.4856259,18.5386508,-72.5366259,18.4876508,-72.4346259,18.5896508
"19",6,"Ouest","Léogâne",0,18.5111,-72.63343,"Léogâne, Leyogàn, Département de l'Ouest",100,-72.63343,18.5111,-72.68343,18.4611,-72.58343,18.5611
"20",6,"Ouest","Delmas",671,18.5581224,-72.2971561,"Delmas, Port-au-Prince, L'Ouest",100,-72.2971561,18.5581224,-72.3321561,18.5231224,-72.2621561,18.5931224
"21",6,"Ouest","Delmas",544,18.5581224,-72.2971561,"Delmas, Port-au-Prince, L'Ouest",100,-72.2971561,18.5581224,-72.3321561,18.5231224,-72.2621561,18.5931224
"22",6,"Ouest","Tabarre",950,18.5733511,-72.2660827,"Tabarre, Port-au-Prince, L'Ouest",100,-72.2660827,18.5733511,-72.3070827,18.5323511,-72.2250827,18.6143511
"23",6,"Ouest","Pointe à Raquette",260,18.7851563,-73.0645841,"Pointe à Raquette, La Gonave, L'Ouest",100,-73.0645841,18.7851563,-73.1975841,18.6521563,-72.9315841,18.9181563
"24",6,"Ouest","Léogâne",3950,18.5111,-72.63343,"Léogâne, Leyogàn, Département de l'Ouest",100,-72.63343,18.5111,-72.68343,18.4611,-72.58343,18.5611
"25",6,"Ouest","Petit-Goâve",30,18.4339516,-72.8612893,"Petit-Gôave, Léogane, L'Ouest",100,-72.8612893,18.4339516,-72.9762893,18.3189516,-72.7462893,18.5489516
"26",6,"Ouest","Cité Soleil",0,18.5935228,-72.3241814,"Cité Soleil, Port-au-Prince, L'Ouest",100,-72.3241814,18.5935228,-72.3591814,18.5585228,-72.2891814,18.6285228
"27",6,"Ouest","Cité Soleil",0,18.5935228,-72.3241814,"Cité Soleil, Port-au-Prince, L'Ouest",100,-72.3241814,18.5935228,-72.3591814,18.5585228,-72.2891814,18.6285228
"28",6,"Ouest","Cité Soleil",0,18.5935228,-72.3241814,"Cité Soleil, Port-au-Prince, L'Ouest",100,-72.3241814,18.5935228,-72.3591814,18.5585228,-72.2891814,18.6285228
"29",6,"Ouest","Cité Soleil",0,18.5935228,-72.3241814,"Cité Soleil, Port-au-Prince, L'Ouest",100,-72.3241814,18.5935228,-72.3591814,18.5585228,-72.2891814,18.6285228
"30",6,"Ouest","Cité Soleil",0,18.5935228,-72.3241814,"Cité Soleil, Port-au-Prince, L'Ouest",100,-72.3241814,18.5935228,-72.3591814,18.5585228,-72.2891814,18.6285228
"31",6,"Ouest","Pétion-Ville",0,18.5166745,-72.2831217,"Pétion-Ville, Port-au-Prince, L'Ouest",100,-72.2831217,18.5166745,-72.3701217,18.4296745,-72.1961217,18.6036745
"32",6,"Ouest","Carrefour",500,18.54114,-72.39922,"Carrefour, Port-au-Prince, Département de l'Ouest",100,-72.39922,18.54114,-72.48922,18.45114,-72.30922,18.63114
"33",6,"Ouest","Carrefour",300,18.54114,-72.39922,"Carrefour, Port-au-Prince, Département de l'Ouest",100,-72.39922,18.54114,-72.48922,18.45114,-72.30922,18.63114
"34",6,"Ouest","Pointe à Raquette",180,18.7851563,-73.0645841,"Pointe à Raquette, La Gonave, L'Ouest",100,-73.0645841,18.7851563,-73.1975841,18.6521563,-72.9315841,18.9181563
"35",6,"Ouest","Pétion-Ville",149,18.5166745,-72.2831217,"Pétion-Ville, Port-au-Prince, L'Ouest",100,-72.2831217,18.5166745,-72.3701217,18.4296745,-72.1961217,18.6036745
"36",6,"Ouest","Croix-Des-Bouquets",0,18.57677,-72.22625,"Croix-des-Bouquets, Arrondissement de la Croix-des-Bouquets, Departement de l'Ouest",100,-72.22625,18.57677,-72.29125,18.51177,-72.16125,18.64177
"37",6,"Ouest","Pétion-Ville",150,18.5166745,-72.2831217,"Pétion-Ville, Port-au-Prince, L'Ouest",100,-72.2831217,18.5166745,-72.3701217,18.4296745,-72.1961217,18.6036745
"38",6,"Ouest","Croix-Des-Bouquets",0,18.57677,-72.22625,"Croix-des-Bouquets, Arrondissement de la Croix-des-Bouquets, Departement de l'Ouest",100,-72.22625,18.57677,-72.29125,18.51177,-72.16125,18.64177
"39",6,"Ouest","Cornillon / Grand Bois",205,18.6795864,-71.954207,"Grand-Bois, Croix-des-Bouquets, L'Ouest",100,-71.954207,18.6795864,-72.049207,18.5845864,-71.859207,18.7745864
"40",6,"Ouest","Port-au-Prince",100,18.54349,-72.33881,"Port-au-Prince, Departement de l'Ouest",100,-72.33881,18.54349,-72.48781,18.39449,-72.18981,18.69249
"41",6,"Ouest","Pétion-Ville",8,18.5166745,-72.2831217,"Pétion-Ville, Port-au-Prince, L'Ouest",100,-72.2831217,18.5166745,-72.3701217,18.4296745,-72.1961217,18.6036745
"42",6,"Ouest","Croix-Des-Bouquets",0,18.57677,-72.22625,"Croix-des-Bouquets, Arrondissement de la Croix-des-Bouquets, Departement de l'Ouest",100,-72.22625,18.57677,-72.29125,18.51177,-72.16125,18.64177
"43",6,"Ouest","Grand-Goâve",200,18.4182808,-72.7296867,"Grand-Gôave, Léogane, L'Ouest",100,-72.7296867,18.4182808,-72.8236867,18.3242808,-72.6356867,18.5122808
"44",6,"Ouest","Delmas",100,18.5581224,-72.2971561,"Delmas, Port-au-Prince, L'Ouest",100,-72.2971561,18.5581224,-72.3321561,18.5231224,-72.2621561,18.5931224
"45",6,"Ouest","Léogâne",57,18.5111,-72.63343,"Léogâne, Leyogàn, Département de l'Ouest",100,-72.63343,18.5111,-72.68343,18.4611,-72.58343,18.5611
"46",6,"Ouest","Croix-Des-Bouquets",0,18.57677,-72.22625,"Croix-des-Bouquets, Arrondissement de la Croix-des-Bouquets, Departement de l'Ouest",100,-72.22625,18.57677,-72.29125,18.51177,-72.16125,18.64177
"47",6,"Ouest","Pétion-Ville",60,18.5166745,-72.2831217,"Pétion-Ville, Port-au-Prince, L'Ouest",100,-72.2831217,18.5166745,-72.3701217,18.4296745,-72.1961217,18.6036745
"48",6,"Ouest","Pétion-Ville",28,18.5166745,-72.2831217,"Pétion-Ville, Port-au-Prince, L'Ouest",100,-72.2831217,18.5166745,-72.3701217,18.4296745,-72.1961217,18.6036745
"49",6,"Ouest","Port-au-Prince",0,18.54349,-72.33881,"Port-au-Prince, Departement de l'Ouest",100,-72.33881,18.54349,-72.48781,18.39449,-72.18981,18.69249
"50",6,"Ouest","Port-au-Prince",0,18.54349,-72.33881,"Port-au-Prince, Departement de l'Ouest",100,-72.33881,18.54349,-72.48781,18.39449,-72.18981,18.69249
"51",6,"Ouest","Pétion-Ville",0,18.5166745,-72.2831217,"Pétion-Ville, Port-au-Prince, L'Ouest",100,-72.2831217,18.5166745,-72.3701217,18.4296745,-72.1961217,18.6036745
"52",6,"Ouest","Delmas",3154,18.5581224,-72.2971561,"Delmas, Port-au-Prince, L'Ouest",100,-72.2971561,18.5581224,-72.3321561,18.5231224,-72.2621561,18.5931224
"53",6,"Ouest","Léogâne",760,18.5111,-72.63343,"Léogâne, Leyogàn, Département de l'Ouest",100,-72.63343,18.5111,-72.68343,18.4611,-72.58343,18.5611
"54",6,"Ouest","Pétion-Ville",470,18.5166745,-72.2831217,"Pétion-Ville, Port-au-Prince, L'Ouest",100,-72.2831217,18.5166745,-72.3701217,18.4296745,-72.1961217,18.6036745
"55",6,"Ouest","Carrefour",350,18.54114,-72.39922,"Carrefour, Port-au-Prince, Département de l'Ouest",100,-72.39922,18.54114,-72.48922,18.45114,-72.30922,18.63114
"56",6,"Ouest","Delmas",311,18.5581224,-72.2971561,"Delmas, Port-au-Prince, L'Ouest",100,-72.2971561,18.5581224,-72.3321561,18.5231224,-72.2621561,18.5931224
"57",6,"Ouest","Petit-Goâve",250,18.4339516,-72.8612893,"Petit-Gôave, Léogane, L'Ouest",100,-72.8612893,18.4339516,-72.9762893,18.3189516,-72.7462893,18.5489516
"58",6,"Ouest","Pétion-Ville",192,18.5166745,-72.2831217,"Pétion-Ville, Port-au-Prince, L'Ouest",100,-72.2831217,18.5166745,-72.3701217,18.4296745,-72.1961217,18.6036745
"59",6,"Ouest","Pétion-Ville",125,18.5166745,-72.2831217,"Pétion-Ville, Port-au-Prince, L'Ouest",100,-72.2831217,18.5166745,-72.3701217,18.4296745,-72.1961217,18.6036745
"60",6,"Ouest","Carrefour",120,18.54114,-72.39922,"Carrefour, Port-au-Prince, Département de l'Ouest",100,-72.39922,18.54114,-72.48922,18.45114,-72.30922,18.63114
"61",6,"Ouest","Tabarre",108,18.5733511,-72.2660827,"Tabarre, Port-au-Prince, L'Ouest",100,-72.2660827,18.5733511,-72.3070827,18.5323511,-72.2250827,18.6143511
"62",6,"Ouest","Pétion-Ville",0,18.5166745,-72.2831217,"Pétion-Ville, Port-au-Prince, L'Ouest",100,-72.2831217,18.5166745,-72.3701217,18.4296745,-72.1961217,18.6036745
"63",6,"Ouest","Delmas",250,18.5581224,-72.2971561,"Delmas, Port-au-Prince, L'Ouest",100,-72.2971561,18.5581224,-72.3321561,18.5231224,-72.2621561,18.5931224
"64",6,"Ouest","Carrefour",648,18.54114,-72.39922,"Carrefour, Port-au-Prince, Département de l'Ouest",100,-72.39922,18.54114,-72.48922,18.45114,-72.30922,18.63114
"65",6,"Ouest","Delmas",648,18.5581224,-72.2971561,"Delmas, Port-au-Prince, L'Ouest",100,-72.2971561,18.5581224,-72.3321561,18.5231224,-72.2621561,18.5931224
"66",6,"Ouest","Carrefour",316,18.54114,-72.39922,"Carrefour, Port-au-Prince, Département de l'Ouest",100,-72.39922,18.54114,-72.48922,18.45114,-72.30922,18.63114
"67",6,"Ouest","Delmas",150,18.5581224,-72.2971561,"Delmas, Port-au-Prince, L'Ouest",100,-72.2971561,18.5581224,-72.3321561,18.5231224,-72.2621561,18.5931224
"68",6,"Ouest","Carrefour",115,18.54114,-72.39922,"Carrefour, Port-au-Prince, Département de l'Ouest",100,-72.39922,18.54114,-72.48922,18.45114,-72.30922,18.63114
"69",6,"Ouest","Port-au-Prince",1190,18.54349,-72.33881,"Port-au-Prince, Departement de l'Ouest",100,-72.33881,18.54349,-72.48781,18.39449,-72.18981,18.69249
"70",6,"Ouest","Port-au-Prince",530,18.54349,-72.33881,"Port-au-Prince, Departement de l'Ouest",100,-72.33881,18.54349,-72.48781,18.39449,-72.18981,18.69249
"71",6,"Ouest","Delmas",300,18.5581224,-72.2971561,"Delmas, Port-au-Prince, L'Ouest",100,-72.2971561,18.5581224,-72.3321561,18.5231224,-72.2621561,18.5931224
"72",6,"Ouest","Delmas",250,18.5581224,-72.2971561,"Delmas, Port-au-Prince, L'Ouest",100,-72.2971561,18.5581224,-72.3321561,18.5231224,-72.2621561,18.5931224
"73",6,"Ouest","Delmas",250,18.5581224,-72.2971561,"Delmas, Port-au-Prince, L'Ouest",100,-72.2971561,18.5581224,-72.3321561,18.5231224,-72.2621561,18.5931224
"74",6,"Ouest","Carrefour",200,18.54114,-72.39922,"Carrefour, Port-au-Prince, Département de l'Ouest",100,-72.39922,18.54114,-72.48922,18.45114,-72.30922,18.63114
"75",6,"Ouest","Carrefour",200,18.54114,-72.39922,"Carrefour, Port-au-Prince, Département de l'Ouest",100,-72.39922,18.54114,-72.48922,18.45114,-72.30922,18.63114
"76",6,"Ouest","Carrefour",200,18.54114,-72.39922,"Carrefour, Port-au-Prince, Département de l'Ouest",100,-72.39922,18.54114,-72.48922,18.45114,-72.30922,18.63114
"77",6,"Ouest","Carrefour",175,18.54114,-72.39922,"Carrefour, Port-au-Prince, Département de l'Ouest",100,-72.39922,18.54114,-72.48922,18.45114,-72.30922,18.63114
"78",6,"Ouest","Delmas",150,18.5581224,-72.2971561,"Delmas, Port-au-Prince, L'Ouest",100,-72.2971561,18.5581224,-72.3321561,18.5231224,-72.2621561,18.5931224
"79",6,"Ouest","Cité Soleil",80,18.5935228,-72.3241814,"Cité Soleil, Port-au-Prince, L'Ouest",100,-72.3241814,18.5935228,-72.3591814,18.5585228,-72.2891814,18.6285228
"80",6,"Ouest","Delmas",0,18.5581224,-72.2971561,"Delmas, Port-au-Prince, L'Ouest",100,-72.2971561,18.5581224,-72.3321561,18.5231224,-72.2621561,18.5931224
"81",6,"Ouest","Cité Soleil",0,18.5935228,-72.3241814,"Cité Soleil, Port-au-Prince, L'Ouest",100,-72.3241814,18.5935228,-72.3591814,18.5585228,-72.2891814,18.6285228
"82",6,"Ouest","Carrefour",0,18.54114,-72.39922,"Carrefour, Port-au-Prince, Département de l'Ouest",100,-72.39922,18.54114,-72.48922,18.45114,-72.30922,18.63114
"83",6,"Ouest","Pétion-Ville",0,18.5166745,-72.2831217,"Pétion-Ville, Port-au-Prince, L'Ouest",100,-72.2831217,18.5166745,-72.3701217,18.4296745,-72.1961217,18.6036745
"84",6,"Ouest","Pétion-Ville",0,18.5166745,-72.2831217,"Pétion-Ville, Port-au-Prince, L'Ouest",100,-72.2831217,18.5166745,-72.3701217,18.4296745,-72.1961217,18.6036745
"85",6,"Ouest","Tabarre",1250,18.5733511,-72.2660827,"Tabarre, Port-au-Prince, L'Ouest",100,-72.2660827,18.5733511,-72.3070827,18.5323511,-72.2250827,18.6143511
"86",6,"Ouest","Port-au-Prince",842,18.54349,-72.33881,"Port-au-Prince, Departement de l'Ouest",100,-72.33881,18.54349,-72.48781,18.39449,-72.18981,18.69249
"87",6,"Ouest","Delmas",590,18.5581224,-72.2971561,"Delmas, Port-au-Prince, L'Ouest",100,-72.2971561,18.5581224,-72.3321561,18.5231224,-72.2621561,18.5931224
"88",6,"Ouest","Delmas",546,18.5581224,-72.2971561,"Delmas, Port-au-Prince, L'Ouest",100,-72.2971561,18.5581224,-72.3321561,18.5231224,-72.2621561,18.5931224
"89",6,"Ouest","Carrefour",420,18.54114,-72.39922,"Carrefour, Port-au-Prince, Département de l'Ouest",100,-72.39922,18.54114,-72.48922,18.45114,-72.30922,18.63114
"90",6,"Ouest","Port-au-Prince",287,18.54349,-72.33881,"Port-au-Prince, Departement de l'Ouest",100,-72.33881,18.54349,-72.48781,18.39449,-72.18981,18.69249
"91",6,"Ouest","Port-au-Prince",195,18.54349,-72.33881,"Port-au-Prince, Departement de l'Ouest",100,-72.33881,18.54349,-72.48781,18.39449,-72.18981,18.69249
"92",6,"Ouest","Petit-Goâve",100,18.4339516,-72.8612893,"Petit-Gôave, Léogane, L'Ouest",100,-72.8612893,18.4339516,-72.9762893,18.3189516,-72.7462893,18.5489516
"93",6,"Ouest","Léogâne",90,18.5111,-72.63343,"Léogâne, Leyogàn, Département de l'Ouest",100,-72.63343,18.5111,-72.68343,18.4611,-72.58343,18.5611
"94",6,"Ouest","Grand-Goâve",86,18.4182808,-72.7296867,"Grand-Gôave, Léogane, L'Ouest",100,-72.7296867,18.4182808,-72.8236867,18.3242808,-72.6356867,18.5122808
"95",6,"Ouest","Delmas",82,18.5581224,-72.2971561,"Delmas, Port-au-Prince, L'Ouest",100,-72.2971561,18.5581224,-72.3321561,18.5231224,-72.2621561,18.5931224
"96",6,"Ouest","Thomazeau",80,18.6502463,-72.0971751,"Thomazeau, Croix-des-Bouquets, L'Ouest",100,-72.0971751,18.6502463,-72.2131751,18.5342463,-71.9811751,18.7662463
"97",6,"Ouest","Delmas",58,18.5581224,-72.2971561,"Delmas, Port-au-Prince, L'Ouest",100,-72.2971561,18.5581224,-72.3321561,18.5231224,-72.2621561,18.5931224
"98",6,"Ouest","Carrefour",40,18.54114,-72.39922,"Carrefour, Port-au-Prince, Département de l'Ouest",100,-72.39922,18.54114,-72.48922,18.45114,-72.30922,18.63114
"99",6,"Ouest","Croix-Des-Bouquets",0,18.57677,-72.22625,"Croix-des-Bouquets, Arrondissement de la Croix-des-Bouquets, Departement de l'Ouest",100,-72.22625,18.57677,-72.29125,18.51177,-72.16125,18.64177
"100",6,"Ouest","Croix-Des-Bouquets",0,18.57677,-72.22625,"Croix-des-Bouquets, Arrondissement de la Croix-des-Bouquets, Departement de l'Ouest",100,-72.22625,18.57677,-72.29125,18.51177,-72.16125,18.64177
"101",6,"Ouest","Carrefour",0,18.54114,-72.39922,"Carrefour, Port-au-Prince, Département de l'Ouest",100,-72.39922,18.54114,-72.48922,18.45114,-72.30922,18.63114
"102",6,"Ouest","Carrefour",0,18.54114,-72.39922,"Carrefour, Port-au-Prince, Département de l'Ouest",100,-72.39922,18.54114,-72.48922,18.45114,-72.30922,18.63114
"103",6,"Ouest","Port-au-Prince",0,18.54349,-72.33881,"Port-au-Prince, Departement de l'Ouest",100,-72.33881,18.54349,-72.48781,18.39449,-72.18981,18.69249
"104",6,"Ouest","Pétion-Ville",0,18.5166745,-72.2831217,"Pétion-Ville, Port-au-Prince, L'Ouest",100,-72.2831217,18.5166745,-72.3701217,18.4296745,-72.1961217,18.6036745
"105",6,"Ouest","Port-au-Prince",0,18.54349,-72.33881,"Port-au-Prince, Departement de l'Ouest",100,-72.33881,18.54349,-72.48781,18.39449,-72.18981,18.69249
"106",6,"Ouest","Carrefour",0,18.54114,-72.39922,"Carrefour, Port-au-Prince, Département de l'Ouest",100,-72.39922,18.54114,-72.48922,18.45114,-72.30922,18.63114
"107",6,"Ouest","Delmas",0,18.5581224,-72.2971561,"Delmas, Port-au-Prince, L'Ouest",100,-72.2971561,18.5581224,-72.3321561,18.5231224,-72.2621561,18.5931224
"108",6,"Ouest","Port-au-Prince",4448,18.54349,-72.33881,"Port-au-Prince, Departement de l'Ouest",100,-72.33881,18.54349,-72.48781,18.39449,-72.18981,18.69249
"109",6,"Ouest","Port-au-Prince",3085,18.54349,-72.33881,"Port-au-Prince, Departement de l'Ouest",100,-72.33881,18.54349,-72.48781,18.39449,-72.18981,18.69249
"110",6,"Ouest","Port-au-Prince",2675,18.54349,-72.33881,"Port-au-Prince, Departement de l'Ouest",100,-72.33881,18.54349,-72.48781,18.39449,-72.18981,18.69249
"111",6,"Ouest","Port-au-Prince",2370,18.54349,-72.33881,"Port-au-Prince, Departement de l'Ouest",100,-72.33881,18.54349,-72.48781,18.39449,-72.18981,18.69249
"112",6,"Ouest","Port-au-Prince",740,18.54349,-72.33881,"Port-au-Prince, Departement de l'Ouest",100,-72.33881,18.54349,-72.48781,18.39449,-72.18981,18.69249
"113",6,"Ouest","Delmas",680,18.5581224,-72.2971561,"Delmas, Port-au-Prince, L'Ouest",100,-72.2971561,18.5581224,-72.3321561,18.5231224,-72.2621561,18.5931224
"114",6,"Ouest","Port-au-Prince",585,18.54349,-72.33881,"Port-au-Prince, Departement de l'Ouest",100,-72.33881,18.54349,-72.48781,18.39449,-72.18981,18.69249
"115",6,"Ouest","Port-au-Prince",545,18.54349,-72.33881,"Port-au-Prince, Departement de l'Ouest",100,-72.33881,18.54349,-72.48781,18.39449,-72.18981,18.69249
"116",6,"Ouest","Pointe à Raquette",440,18.7851563,-73.0645841,"Pointe à Raquette, La Gonave, L'Ouest",100,-73.0645841,18.7851563,-73.1975841,18.6521563,-72.9315841,18.9181563
"117",6,"Ouest","Delmas",397,18.5581224,-72.2971561,"Delmas, Port-au-Prince, L'Ouest",100,-72.2971561,18.5581224,-72.3321561,18.5231224,-72.2621561,18.5931224
"118",6,"Ouest","Pointe à Raquette",300,18.7851563,-73.0645841,"Pointe à Raquette, La Gonave, L'Ouest",100,-73.0645841,18.7851563,-73.1975841,18.6521563,-72.9315841,18.9181563
"119",6,"Ouest","Port-au-Prince",280,18.54349,-72.33881,"Port-au-Prince, Departement de l'Ouest",100,-72.33881,18.54349,-72.48781,18.39449,-72.18981,18.69249
"120",6,"Ouest","Pointe à Raquette",275,18.7851563,-73.0645841,"Pointe à Raquette, La Gonave, L'Ouest",100,-73.0645841,18.7851563,-73.1975841,18.6521563,-72.9315841,18.9181563
"121",6,"Ouest","Port-au-Prince",270,18.54349,-72.33881,"Port-au-Prince, Departement de l'Ouest",100,-72.33881,18.54349,-72.48781,18.39449,-72.18981,18.69249
"122",6,"Ouest","Carrefour",240,18.54114,-72.39922,"Carrefour, Port-au-Prince, Département de l'Ouest",100,-72.39922,18.54114,-72.48922,18.45114,-72.30922,18.63114
"123",6,"Ouest","Anse à Galets",120,18.8324311,-72.8643389,"Anse-à-Galets, La Gonave, L'Ouest",100,-72.8643389,18.8324311,-72.8713389,18.8254311,-72.8573389,18.8394311
"124",6,"Ouest","Port-au-Prince",100,18.54349,-72.33881,"Port-au-Prince, Departement de l'Ouest",100,-72.33881,18.54349,-72.48781,18.39449,-72.18981,18.69249
"125",6,"Ouest","Delmas",66,18.5581224,-72.2971561,"Delmas, Port-au-Prince, L'Ouest",100,-72.2971561,18.5581224,-72.3321561,18.5231224,-72.2621561,18.5931224
"126",6,"Ouest","Delmas",38,18.5581224,-72.2971561,"Delmas, Port-au-Prince, L'Ouest",100,-72.2971561,18.5581224,-72.3321561,18.5231224,-72.2621561,18.5931224
"127",6,"Ouest","Petit-Goâve",10,18.4339516,-72.8612893,"Petit-Gôave, Léogane, L'Ouest",100,-72.8612893,18.4339516,-72.9762893,18.3189516,-72.7462893,18.5489516
"128",6,"Ouest","Carrefour",0,18.54114,-72.39922,"Carrefour, Port-au-Prince, Département de l'Ouest",100,-72.39922,18.54114,-72.48922,18.45114,-72.30922,18.63114
"129",6,"Ouest","Pétion-Ville",0,18.5166745,-72.2831217,"Pétion-Ville, Port-au-Prince, L'Ouest",100,-72.2831217,18.5166745,-72.3701217,18.4296745,-72.1961217,18.6036745
"130",6,"Ouest","Croix-Des-Bouquets",0,18.57677,-72.22625,"Croix-des-Bouquets, Arrondissement de la Croix-des-Bouquets, Departement de l'Ouest",100,-72.22625,18.57677,-72.29125,18.51177,-72.16125,18.64177
"131",6,"Ouest","Tabarre",0,18.5733511,-72.2660827,"Tabarre, Port-au-Prince, L'Ouest",100,-72.2660827,18.5733511,-72.3070827,18.5323511,-72.2250827,18.6143511
"132",6,"Ouest","Carrefour",0,18.54114,-72.39922,"Carrefour, Port-au-Prince, Département de l'Ouest",100,-72.39922,18.54114,-72.48922,18.45114,-72.30922,18.63114
"133",6,"Ouest","Cité Soleil",5500,18.5935228,-72.3241814,"Cité Soleil, Port-au-Prince, L'Ouest",100,-72.3241814,18.5935228,-72.3591814,18.5585228,-72.2891814,18.6285228
"134",6,"Ouest","Delmas",3401,18.5581224,-72.2971561,"Delmas, Port-au-Prince, L'Ouest",100,-72.2971561,18.5581224,-72.3321561,18.5231224,-72.2621561,18.5931224
"135",6,"Ouest","Cité Soleil",548,18.5935228,-72.3241814,"Cité Soleil, Port-au-Prince, L'Ouest",100,-72.3241814,18.5935228,-72.3591814,18.5585228,-72.2891814,18.6285228
"136",6,"Ouest","Carrefour",250,18.54114,-72.39922,"Carrefour, Port-au-Prince, Département de l'Ouest",100,-72.39922,18.54114,-72.48922,18.45114,-72.30922,18.63114
"137",6,"Ouest","Tabarre",188,18.5733511,-72.2660827,"Tabarre, Port-au-Prince, L'Ouest",100,-72.2660827,18.5733511,-72.3070827,18.5323511,-72.2250827,18.6143511
"138",6,"Ouest","Pétion-Ville",156,18.5166745,-72.2831217,"Pétion-Ville, Port-au-Prince, L'Ouest",100,-72.2831217,18.5166745,-72.3701217,18.4296745,-72.1961217,18.6036745
"139",6,"Ouest","Croix-Des-Bouquets",140,18.57677,-72.22625,"Croix-des-Bouquets, Arrondissement de la Croix-des-Bouquets, Departement de l'Ouest",100,-72.22625,18.57677,-72.29125,18.51177,-72.16125,18.64177
"140",6,"Ouest","Grand-Goâve",130,18.4182808,-72.7296867,"Grand-Gôave, Léogane, L'Ouest",100,-72.7296867,18.4182808,-72.8236867,18.3242808,-72.6356867,18.5122808
"141",6,"Ouest","Cornillon / Grand Bois",110,18.6795864,-71.954207,"Grand-Bois, Croix-des-Bouquets, L'Ouest",100,-71.954207,18.6795864,-72.049207,18.5845864,-71.859207,18.7745864
"142",6,"Ouest","Pétion-Ville",93,18.5166745,-72.2831217,"Pétion-Ville, Port-au-Prince, L'Ouest",100,-72.2831217,18.5166745,-72.3701217,18.4296745,-72.1961217,18.6036745
"143",6,"Ouest","Tabarre",92,18.5733511,-72.2660827,"Tabarre, Port-au-Prince, L'Ouest",100,-72.2660827,18.5733511,-72.3070827,18.5323511,-72.2250827,18.6143511
"144",6,"Ouest","Delmas",65,18.5581224,-72.2971561,"Delmas, Port-au-Prince, L'Ouest",100,-72.2971561,18.5581224,-72.3321561,18.5231224,-72.2621561,18.5931224
"145",6,"Ouest","Grand-Goâve",42,18.4182808,-72.7296867,"Grand-Gôave, Léogane, L'Ouest",100,-72.7296867,18.4182808,-72.8236867,18.3242808,-72.6356867,18.5122808
"146",6,"Ouest","Delmas",38,18.5581224,-72.2971561,"Delmas, Port-au-Prince, L'Ouest",100,-72.2971561,18.5581224,-72.3321561,18.5231224,-72.2621561,18.5931224
"147",6,"Ouest","Delmas",26,18.5581224,-72.2971561,"Delmas, Port-au-Prince, L'Ouest",100,-72.2971561,18.5581224,-72.3321561,18.5231224,-72.2621561,18.5931224
"148",6,"Ouest","Carrefour",0,18.54114,-72.39922,"Carrefour, Port-au-Prince, Département de l'Ouest",100,-72.39922,18.54114,-72.48922,18.45114,-72.30922,18.63114
"149",6,"Ouest","Carrefour",0,18.54114,-72.39922,"Carrefour, Port-au-Prince, Département de l'Ouest",100,-72.39922,18.54114,-72.48922,18.45114,-72.30922,18.63114
"150",6,"Ouest","Carrefour",0,18.54114,-72.39922,"Carrefour, Port-au-Prince, Département de l'Ouest",100,-72.39922,18.54114,-72.48922,18.45114,-72.30922,18.63114
"151",6,"Ouest","Carrefour",0,18.54114,-72.39922,"Carrefour, Port-au-Prince, Département de l'Ouest",100,-72.39922,18.54114,-72.48922,18.45114,-72.30922,18.63114
"152",6,"Ouest","Carrefour",0,18.54114,-72.39922,"Carrefour, Port-au-Prince, Département de l'Ouest",100,-72.39922,18.54114,-72.48922,18.45114,-72.30922,18.63114
"153",6,"Ouest","Carrefour",0,18.54114,-72.39922,"Carrefour, Port-au-Prince, Département de l'Ouest",100,-72.39922,18.54114,-72.48922,18.45114,-72.30922,18.63114
"154",6,"Ouest","Carrefour",0,18.54114,-72.39922,"Carrefour, Port-au-Prince, Département de l'Ouest",100,-72.39922,18.54114,-72.48922,18.45114,-72.30922,18.63114
"155",6,"Ouest","Croix-Des-Bouquets",0,18.57677,-72.22625,"Croix-des-Bouquets, Arrondissement de la Croix-des-Bouquets, Departement de l'Ouest",100,-72.22625,18.57677,-72.29125,18.51177,-72.16125,18.64177
"156",6,"Ouest","Croix-Des-Bouquets",0,18.57677,-72.22625,"Croix-des-Bouquets, Arrondissement de la Croix-des-Bouquets, Departement de l'Ouest",100,-72.22625,18.57677,-72.29125,18.51177,-72.16125,18.64177
"157",6,"Ouest","Port-au-Prince",2415,18.54349,-72.33881,"Port-au-Prince, Departement de l'Ouest",100,-72.33881,18.54349,-72.48781,18.39449,-72.18981,18.69249
"158",6,"Ouest","Port-au-Prince",1270,18.54349,-72.33881,"Port-au-Prince, Departement de l'Ouest",100,-72.33881,18.54349,-72.48781,18.39449,-72.18981,18.69249
"159",6,"Ouest","Tabarre",400,18.5733511,-72.2660827,"Tabarre, Port-au-Prince, L'Ouest",100,-72.2660827,18.5733511,-72.3070827,18.5323511,-72.2250827,18.6143511
"160",6,"Ouest","Kenscoff",250,18.4324479,-72.283773,"Kenscoff, Port-au-Prince, L'Ouest",100,-72.283773,18.4324479,-72.368773,18.3474479,-72.198773,18.5174479
"161",6,"Ouest","Cornillon / Grand Bois",230,18.6795864,-71.954207,"Grand-Bois, Croix-des-Bouquets, L'Ouest",100,-71.954207,18.6795864,-72.049207,18.5845864,-71.859207,18.7745864
"162",6,"Ouest","Delmas",144,18.5581224,-72.2971561,"Delmas, Port-au-Prince, L'Ouest",100,-72.2971561,18.5581224,-72.3321561,18.5231224,-72.2621561,18.5931224
"163",6,"Ouest","Carrefour",125,18.54114,-72.39922,"Carrefour, Port-au-Prince, Département de l'Ouest",100,-72.39922,18.54114,-72.48922,18.45114,-72.30922,18.63114
"164",6,"Ouest","Delmas",113,18.5581224,-72.2971561,"Delmas, Port-au-Prince, L'Ouest",100,-72.2971561,18.5581224,-72.3321561,18.5231224,-72.2621561,18.5931224
"165",6,"Ouest","Carrefour",100,18.54114,-72.39922,"Carrefour, Port-au-Prince, Département de l'Ouest",100,-72.39922,18.54114,-72.48922,18.45114,-72.30922,18.63114
"166",6,"Ouest","Pétion-Ville",100,18.5166745,-72.2831217,"Pétion-Ville, Port-au-Prince, L'Ouest",100,-72.2831217,18.5166745,-72.3701217,18.4296745,-72.1961217,18.6036745
"167",6,"Ouest","Pétion-Ville",85,18.5166745,-72.2831217,"Pétion-Ville, Port-au-Prince, L'Ouest",100,-72.2831217,18.5166745,-72.3701217,18.4296745,-72.1961217,18.6036745
"168",6,"Ouest","Pétion-Ville",64,18.5166745,-72.2831217,"Pétion-Ville, Port-au-Prince, L'Ouest",100,-72.2831217,18.5166745,-72.3701217,18.4296745,-72.1961217,18.6036745
"169",6,"Ouest","Pétion-Ville",55,18.5166745,-72.2831217,"Pétion-Ville, Port-au-Prince, L'Ouest",100,-72.2831217,18.5166745,-72.3701217,18.4296745,-72.1961217,18.6036745
"170",6,"Ouest","Tabarre",45,18.5733511,-72.2660827,"Tabarre, Port-au-Prince, L'Ouest",100,-72.2660827,18.5733511,-72.3070827,18.5323511,-72.2250827,18.6143511
"171",6,"Ouest","Tabarre",28,18.5733511,-72.2660827,"Tabarre, Port-au-Prince, L'Ouest",100,-72.2660827,18.5733511,-72.3070827,18.5323511,-72.2250827,18.6143511
"172",6,"Ouest","Croix-Des-Bouquets",20,18.57677,-72.22625,"Croix-des-Bouquets, Arrondissement de la Croix-des-Bouquets, Departement de l'Ouest",100,-72.22625,18.57677,-72.29125,18.51177,-72.16125,18.64177
"173",6,"Ouest","Léogâne",15,18.5111,-72.63343,"Léogâne, Leyogàn, Département de l'Ouest",100,-72.63343,18.5111,-72.68343,18.4611,-72.58343,18.5611
"174",6,"Ouest","Carrefour",0,18.54114,-72.39922,"Carrefour, Port-au-Prince, Département de l'Ouest",100,-72.39922,18.54114,-72.48922,18.45114,-72.30922,18.63114
"175",6,"Ouest","Carrefour",0,18.54114,-72.39922,"Carrefour, Port-au-Prince, Département de l'Ouest",100,-72.39922,18.54114,-72.48922,18.45114,-72.30922,18.63114
"176",6,"Ouest","Cité Soleil",0,18.5935228,-72.3241814,"Cité Soleil, Port-au-Prince, L'Ouest",100,-72.3241814,18.5935228,-72.3591814,18.5585228,-72.2891814,18.6285228
"177",6,"Ouest","Port-au-Prince",3660,18.54349,-72.33881,"Port-au-Prince, Departement de l'Ouest",100,-72.33881,18.54349,-72.48781,18.39449,-72.18981,18.69249
"178",6,"Ouest","Delmas",2688,18.5581224,-72.2971561,"Delmas, Port-au-Prince, L'Ouest",100,-72.2971561,18.5581224,-72.3321561,18.5231224,-72.2621561,18.5931224
"179",6,"Ouest","Port-au-Prince",420,18.54349,-72.33881,"Port-au-Prince, Departement de l'Ouest",100,-72.33881,18.54349,-72.48781,18.39449,-72.18981,18.69249
"180",6,"Ouest","Port-au-Prince",320,18.54349,-72.33881,"Port-au-Prince, Departement de l'Ouest",100,-72.33881,18.54349,-72.48781,18.39449,-72.18981,18.69249
"181",6,"Ouest","Delmas",300,18.5581224,-72.2971561,"Delmas, Port-au-Prince, L'Ouest",100,-72.2971561,18.5581224,-72.3321561,18.5231224,-72.2621561,18.5931224
"182",6,"Ouest","Delmas",289,18.5581224,-72.2971561,"Delmas, Port-au-Prince, L'Ouest",100,-72.2971561,18.5581224,-72.3321561,18.5231224,-72.2621561,18.5931224
"183",6,"Ouest","Port-au-Prince",270,18.54349,-72.33881,"Port-au-Prince, Departement de l'Ouest",100,-72.33881,18.54349,-72.48781,18.39449,-72.18981,18.69249
"184",6,"Ouest","Pétion-Ville",203,18.5166745,-72.2831217,"Pétion-Ville, Port-au-Prince, L'Ouest",100,-72.2831217,18.5166745,-72.3701217,18.4296745,-72.1961217,18.6036745
"185",6,"Ouest","Pétion-Ville",10,18.5166745,-72.2831217,"Pétion-Ville, Port-au-Prince, L'Ouest",100,-72.2831217,18.5166745,-72.3701217,18.4296745,-72.1961217,18.6036745
"186",6,"Ouest","Port-au-Prince",3720,18.54349,-72.33881,"Port-au-Prince, Departement de l'Ouest",100,-72.33881,18.54349,-72.48781,18.39449,-72.18981,18.69249
"187",6,"Ouest","Port-au-Prince",565,18.54349,-72.33881,"Port-au-Prince, Departement de l'Ouest",100,-72.33881,18.54349,-72.48781,18.39449,-72.18981,18.69249
"188",6,"Ouest","Delmas",556,18.5581224,-72.2971561,"Delmas, Port-au-Prince, L'Ouest",100,-72.2971561,18.5581224,-72.3321561,18.5231224,-72.2621561,18.5931224
"189",6,"Ouest","Carrefour",260,18.54114,-72.39922,"Carrefour, Port-au-Prince, Département de l'Ouest",100,-72.39922,18.54114,-72.48922,18.45114,-72.30922,18.63114
"190",6,"Ouest","Port-au-Prince",210,18.54349,-72.33881,"Port-au-Prince, Departement de l'Ouest",100,-72.33881,18.54349,-72.48781,18.39449,-72.18981,18.69249
"191",6,"Ouest","Petit-Goâve",162,18.4339516,-72.8612893,"Petit-Gôave, Léogane, L'Ouest",100,-72.8612893,18.4339516,-72.9762893,18.3189516,-72.7462893,18.5489516
"192",6,"Ouest","Port-au-Prince",120,18.54349,-72.33881,"Port-au-Prince, Departement de l'Ouest",100,-72.33881,18.54349,-72.48781,18.39449,-72.18981,18.69249
"193",6,"Ouest","Pétion-Ville",104,18.5166745,-72.2831217,"Pétion-Ville, Port-au-Prince, L'Ouest",100,-72.2831217,18.5166745,-72.3701217,18.4296745,-72.1961217,18.6036745
"194",6,"Ouest","Pétion-Ville",43,18.5166745,-72.2831217,"Pétion-Ville, Port-au-Prince, L'Ouest",100,-72.2831217,18.5166745,-72.3701217,18.4296745,-72.1961217,18.6036745
"195",6,"Ouest","Croix-Des-Bouquets",0,18.57677,-72.22625,"Croix-des-Bouquets, Arrondissement de la Croix-des-Bouquets, Departement de l'Ouest",100,-72.22625,18.57677,-72.29125,18.51177,-72.16125,18.64177
"196",6,"Ouest","Carrefour",0,18.54114,-72.39922,"Carrefour, Port-au-Prince, Département de l'Ouest",100,-72.39922,18.54114,-72.48922,18.45114,-72.30922,18.63114
"197",6,"Ouest","Croix-Des-Bouquets",0,18.57677,-72.22625,"Croix-des-Bouquets, Arrondissement de la Croix-des-Bouquets, Departement de l'Ouest",100,-72.22625,18.57677,-72.29125,18.51177,-72.16125,18.64177
"198",6,"Ouest","Port-au-Prince",3980,18.54349,-72.33881,"Port-au-Prince, Departement de l'Ouest",100,-72.33881,18.54349,-72.48781,18.39449,-72.18981,18.69249
"199",6,"Ouest","Port-au-Prince",500,18.54349,-72.33881,"Port-au-Prince, Departement de l'Ouest",100,-72.33881,18.54349,-72.48781,18.39449,-72.18981,18.69249
"200",6,"Ouest","Carrefour",300,18.54114,-72.39922,"Carrefour, Port-au-Prince, Département de l'Ouest",100,-72.39922,18.54114,-72.48922,18.45114,-72.30922,18.63114
"201",6,"Ouest","Carrefour",240,18.54114,-72.39922,"Carrefour, Port-au-Prince, Département de l'Ouest",100,-72.39922,18.54114,-72.48922,18.45114,-72.30922,18.63114
"202",6,"Ouest","Carrefour",200,18.54114,-72.39922,"Carrefour, Port-au-Prince, Département de l'Ouest",100,-72.39922,18.54114,-72.48922,18.45114,-72.30922,18.63114
"203",6,"Ouest","Delmas",100,18.5581224,-72.2971561,"Delmas, Port-au-Prince, L'Ouest",100,-72.2971561,18.5581224,-72.3321561,18.5231224,-72.2621561,18.5931224
"204",6,"Ouest","Delmas",77,18.5581224,-72.2971561,"Delmas, Port-au-Prince, L'Ouest",100,-72.2971561,18.5581224,-72.3321561,18.5231224,-72.2621561,18.5931224
"205",6,"Ouest","Delmas",77,18.5581224,-72.2971561,"Delmas, Port-au-Prince, L'Ouest",100,-72.2971561,18.5581224,-72.3321561,18.5231224,-72.2621561,18.5931224
"206",6,"Ouest","Cité Soleil",18,18.5935228,-72.3241814,"Cité Soleil, Port-au-Prince, L'Ouest",100,-72.3241814,18.5935228,-72.3591814,18.5585228,-72.2891814,18.6285228
"207",6,"Ouest","Pétion-Ville",0,18.5166745,-72.2831217,"Pétion-Ville, Port-au-Prince, L'Ouest",100,-72.2831217,18.5166745,-72.3701217,18.4296745,-72.1961217,18.6036745
"208",6,"Ouest","Pétion-Ville",0,18.5166745,-72.2831217,"Pétion-Ville, Port-au-Prince, L'Ouest",100,-72.2831217,18.5166745,-72.3701217,18.4296745,-72.1961217,18.6036745
"209",6,"Ouest","Kenscoff",0,18.4324479,-72.283773,"Kenscoff, Port-au-Prince, L'Ouest",100,-72.283773,18.4324479,-72.368773,18.3474479,-72.198773,18.5174479
"210",6,"Ouest","Kenscoff",0,18.4324479,-72.283773,"Kenscoff, Port-au-Prince, L'Ouest",100,-72.283773,18.4324479,-72.368773,18.3474479,-72.198773,18.5174479
"211",6,"Ouest","Croix-Des-Bouquets",0,18.57677,-72.22625,"Croix-des-Bouquets, Arrondissement de la Croix-des-Bouquets, Departement de l'Ouest",100,-72.22625,18.57677,-72.29125,18.51177,-72.16125,18.64177
"212",6,"Ouest","Port-au-Prince",0,18.54349,-72.33881,"Port-au-Prince, Departement de l'Ouest",100,-72.33881,18.54349,-72.48781,18.39449,-72.18981,18.69249
"213",6,"Ouest","Port-au-Prince",0,18.54349,-72.33881,"Port-au-Prince, Departement de l'Ouest",100,-72.33881,18.54349,-72.48781,18.39449,-72.18981,18.69249
"214",6,"Ouest","Cité Soleil",0,18.5935228,-72.3241814,"Cité Soleil, Port-au-Prince, L'Ouest",100,-72.3241814,18.5935228,-72.3591814,18.5585228,-72.2891814,18.6285228
"215",6,"Ouest","Tabarre",0,18.5733511,-72.2660827,"Tabarre, Port-au-Prince, L'Ouest",100,-72.2660827,18.5733511,-72.3070827,18.5323511,-72.2250827,18.6143511
"216",6,"Ouest","Port-au-Prince",5300,18.54349,-72.33881,"Port-au-Prince, Departement de l'Ouest",100,-72.33881,18.54349,-72.48781,18.39449,-72.18981,18.69249
"217",6,"Ouest","Tabarre",2432,18.5733511,-72.2660827,"Tabarre, Port-au-Prince, L'Ouest",100,-72.2660827,18.5733511,-72.3070827,18.5323511,-72.2250827,18.6143511
"218",6,"Ouest","Carrefour",650,18.54114,-72.39922,"Carrefour, Port-au-Prince, Département de l'Ouest",100,-72.39922,18.54114,-72.48922,18.45114,-72.30922,18.63114
"219",6,"Ouest","Carrefour",600,18.54114,-72.39922,"Carrefour, Port-au-Prince, Département de l'Ouest",100,-72.39922,18.54114,-72.48922,18.45114,-72.30922,18.63114
"220",6,"Ouest","Delmas",591,18.5581224,-72.2971561,"Delmas, Port-au-Prince, L'Ouest",100,-72.2971561,18.5581224,-72.3321561,18.5231224,-72.2621561,18.5931224
"221",6,"Ouest","Carrefour",375,18.54114,-72.39922,"Carrefour, Port-au-Prince, Département de l'Ouest",100,-72.39922,18.54114,-72.48922,18.45114,-72.30922,18.63114
"222",6,"Ouest","Léogâne",300,18.5111,-72.63343,"Léogâne, Leyogàn, Département de l'Ouest",100,-72.63343,18.5111,-72.68343,18.4611,-72.58343,18.5611
"223",6,"Ouest","Port-au-Prince",280,18.54349,-72.33881,"Port-au-Prince, Departement de l'Ouest",100,-72.33881,18.54349,-72.48781,18.39449,-72.18981,18.69249
"224",6,"Ouest","Carrefour",275,18.54114,-72.39922,"Carrefour, Port-au-Prince, Département de l'Ouest",100,-72.39922,18.54114,-72.48922,18.45114,-72.30922,18.63114
"225",6,"Ouest","Carrefour",200,18.54114,-72.39922,"Carrefour, Port-au-Prince, Département de l'Ouest",100,-72.39922,18.54114,-72.48922,18.45114,-72.30922,18.63114
"226",6,"Ouest","Croix-Des-Bouquets",160,18.57677,-72.22625,"Croix-des-Bouquets, Arrondissement de la Croix-des-Bouquets, Departement de l'Ouest",100,-72.22625,18.57677,-72.29125,18.51177,-72.16125,18.64177
"227",6,"Ouest","Kenscoff",150,18.4324479,-72.283773,"Kenscoff, Port-au-Prince, L'Ouest",100,-72.283773,18.4324479,-72.368773,18.3474479,-72.198773,18.5174479
"228",6,"Ouest","Tabarre",135,18.5733511,-72.2660827,"Tabarre, Port-au-Prince, L'Ouest",100,-72.2660827,18.5733511,-72.3070827,18.5323511,-72.2250827,18.6143511
"229",6,"Ouest","Pétion-Ville",104,18.5166745,-72.2831217,"Pétion-Ville, Port-au-Prince, L'Ouest",100,-72.2831217,18.5166745,-72.3701217,18.4296745,-72.1961217,18.6036745
"230",6,"Ouest","Delmas",62,18.5581224,-72.2971561,"Delmas, Port-au-Prince, L'Ouest",100,-72.2971561,18.5581224,-72.3321561,18.5231224,-72.2621561,18.5931224
"231",6,"Ouest","Delmas",54,18.5581224,-72.2971561,"Delmas, Port-au-Prince, L'Ouest",100,-72.2971561,18.5581224,-72.3321561,18.5231224,-72.2621561,18.5931224
"232",6,"Ouest","Croix-Des-Bouquets",0,18.57677,-72.22625,"Croix-des-Bouquets, Arrondissement de la Croix-des-Bouquets, Departement de l'Ouest",100,-72.22625,18.57677,-72.29125,18.51177,-72.16125,18.64177
"233",6,"Ouest","Croix-Des-Bouquets",0,18.57677,-72.22625,"Croix-des-Bouquets, Arrondissement de la Croix-des-Bouquets, Departement de l'Ouest",100,-72.22625,18.57677,-72.29125,18.51177,-72.16125,18.64177
"234",6,"Ouest","Pétion-Ville",0,18.5166745,-72.2831217,"Pétion-Ville, Port-au-Prince, L'Ouest",100,-72.2831217,18.5166745,-72.3701217,18.4296745,-72.1961217,18.6036745
"235",6,"Ouest","Port-au-Prince",0,18.54349,-72.33881,"Port-au-Prince, Departement de l'Ouest",100,-72.33881,18.54349,-72.48781,18.39449,-72.18981,18.69249
"236",6,"Ouest","Port-au-Prince",0,18.54349,-72.33881,"Port-au-Prince, Departement de l'Ouest",100,-72.33881,18.54349,-72.48781,18.39449,-72.18981,18.69249
"237",6,"Ouest","Croix-Des-Bouquets",0,18.57677,-72.22625,"Croix-des-Bouquets, Arrondissement de la Croix-des-Bouquets, Departement de l'Ouest",100,-72.22625,18.57677,-72.29125,18.51177,-72.16125,18.64177
"238",6,"Ouest","Croix-Des-Bouquets",0,18.57677,-72.22625,"Croix-des-Bouquets, Arrondissement de la Croix-des-Bouquets, Departement de l'Ouest",100,-72.22625,18.57677,-72.29125,18.51177,-72.16125,18.64177
"239",6,"Ouest","Tabarre",0,18.5733511,-72.2660827,"Tabarre, Port-au-Prince, L'Ouest",100,-72.2660827,18.5733511,-72.3070827,18.5323511,-72.2250827,18.6143511
"240",6,"Ouest","Croix-Des-Bouquets",0,18.57677,-72.22625,"Croix-des-Bouquets, Arrondissement de la Croix-des-Bouquets, Departement de l'Ouest",100,-72.22625,18.57677,-72.29125,18.51177,-72.16125,18.64177
"241",6,"Ouest","Croix-Des-Bouquets",0,18.57677,-72.22625,"Croix-des-Bouquets, Arrondissement de la Croix-des-Bouquets, Departement de l'Ouest",100,-72.22625,18.57677,-72.29125,18.51177,-72.16125,18.64177
"242",6,"Ouest","Croix-Des-Bouquets",0,18.57677,-72.22625,"Croix-des-Bouquets, Arrondissement de la Croix-des-Bouquets, Departement de l'Ouest",100,-72.22625,18.57677,-72.29125,18.51177,-72.16125,18.64177
"243",6,"Ouest","Delmas",1460,18.5581224,-72.2971561,"Delmas, Port-au-Prince, L'Ouest",100,-72.2971561,18.5581224,-72.3321561,18.5231224,-72.2621561,18.5931224
"244",6,"Ouest","Delmas",695,18.5581224,-72.2971561,"Delmas, Port-au-Prince, L'Ouest",100,-72.2971561,18.5581224,-72.3321561,18.5231224,-72.2621561,18.5931224
"245",6,"Ouest","Anse à Galets",600,18.8324311,-72.8643389,"Anse-à-Galets, La Gonave, L'Ouest",100,-72.8643389,18.8324311,-72.8713389,18.8254311,-72.8573389,18.8394311
"246",6,"Ouest","Delmas",580,18.5581224,-72.2971561,"Delmas, Port-au-Prince, L'Ouest",100,-72.2971561,18.5581224,-72.3321561,18.5231224,-72.2621561,18.5931224
"247",6,"Ouest","Carrefour",440,18.54114,-72.39922,"Carrefour, Port-au-Prince, Département de l'Ouest",100,-72.39922,18.54114,-72.48922,18.45114,-72.30922,18.63114
"248",6,"Ouest","Delmas",350,18.5581224,-72.2971561,"Delmas, Port-au-Prince, L'Ouest",100,-72.2971561,18.5581224,-72.3321561,18.5231224,-72.2621561,18.5931224
"249",6,"Ouest","Delmas",269,18.5581224,-72.2971561,"Delmas, Port-au-Prince, L'Ouest",100,-72.2971561,18.5581224,-72.3321561,18.5231224,-72.2621561,18.5931224
"250",6,"Ouest","Anse à Galets",240,18.8324311,-72.8643389,"Anse-à-Galets, La Gonave, L'Ouest",100,-72.8643389,18.8324311,-72.8713389,18.8254311,-72.8573389,18.8394311
"251",6,"Ouest","Carrefour",200,18.54114,-72.39922,"Carrefour, Port-au-Prince, Département de l'Ouest",100,-72.39922,18.54114,-72.48922,18.45114,-72.30922,18.63114
"252",6,"Ouest","Croix-Des-Bouquets",150,18.57677,-72.22625,"Croix-des-Bouquets, Arrondissement de la Croix-des-Bouquets, Departement de l'Ouest",100,-72.22625,18.57677,-72.29125,18.51177,-72.16125,18.64177
"253",6,"Ouest","Cité Soleil",139,18.5935228,-72.3241814,"Cité Soleil, Port-au-Prince, L'Ouest",100,-72.3241814,18.5935228,-72.3591814,18.5585228,-72.2891814,18.6285228
"254",6,"Ouest","Delmas",132,18.5581224,-72.2971561,"Delmas, Port-au-Prince, L'Ouest",100,-72.2971561,18.5581224,-72.3321561,18.5231224,-72.2621561,18.5931224
"255",6,"Ouest","Delmas",108,18.5581224,-72.2971561,"Delmas, Port-au-Prince, L'Ouest",100,-72.2971561,18.5581224,-72.3321561,18.5231224,-72.2621561,18.5931224
"256",6,"Ouest","Anse à Galets",100,18.8324311,-72.8643389,"Anse-à-Galets, La Gonave, L'Ouest",100,-72.8643389,18.8324311,-72.8713389,18.8254311,-72.8573389,18.8394311
"257",6,"Ouest","Tabarre",90,18.5733511,-72.2660827,"Tabarre, Port-au-Prince, L'Ouest",100,-72.2660827,18.5733511,-72.3070827,18.5323511,-72.2250827,18.6143511
"258",6,"Ouest","Pétion-Ville",36,18.5166745,-72.2831217,"Pétion-Ville, Port-au-Prince, L'Ouest",100,-72.2831217,18.5166745,-72.3701217,18.4296745,-72.1961217,18.6036745
"259",6,"Ouest","Grand-Goâve",16,18.4182808,-72.7296867,"Grand-Gôave, Léogane, L'Ouest",100,-72.7296867,18.4182808,-72.8236867,18.3242808,-72.6356867,18.5122808
"260",6,"Ouest","Port-au-Prince",0,18.54349,-72.33881,"Port-au-Prince, Departement de l'Ouest",100,-72.33881,18.54349,-72.48781,18.39449,-72.18981,18.69249
"261",6,"Ouest","Port-au-Prince",0,18.54349,-72.33881,"Port-au-Prince, Departement de l'Ouest",100,-72.33881,18.54349,-72.48781,18.39449,-72.18981,18.69249
"262",6,"Ouest","Croix-Des-Bouquets",0,18.57677,-72.22625,"Croix-des-Bouquets, Arrondissement de la Croix-des-Bouquets, Departement de l'Ouest",100,-72.22625,18.57677,-72.29125,18.51177,-72.16125,18.64177
"263",6,"Ouest","Pétion-Ville",0,18.5166745,-72.2831217,"Pétion-Ville, Port-au-Prince, L'Ouest",100,-72.2831217,18.5166745,-72.3701217,18.4296745,-72.1961217,18.6036745
"264",6,"Ouest","Carrefour",0,18.54114,-72.39922,"Carrefour, Port-au-Prince, Département de l'Ouest",100,-72.39922,18.54114,-72.48922,18.45114,-72.30922,18.63114
"265",6,"Ouest","Croix-Des-Bouquets",0,18.57677,-72.22625,"Croix-des-Bouquets, Arrondissement de la Croix-des-Bouquets, Departement de l'Ouest",100,-72.22625,18.57677,-72.29125,18.51177,-72.16125,18.64177
"266",6,"Ouest","Croix-Des-Bouquets",0,18.57677,-72.22625,"Croix-des-Bouquets, Arrondissement de la Croix-des-Bouquets, Departement de l'Ouest",100,-72.22625,18.57677,-72.29125,18.51177,-72.16125,18.64177
"267",6,"Ouest","Tabarre",0,18.5733511,-72.2660827,"Tabarre, Port-au-Prince, L'Ouest",100,-72.2660827,18.5733511,-72.3070827,18.5323511,-72.2250827,18.6143511
"268",6,"Ouest","Port-au-Prince",0,18.54349,-72.33881,"Port-au-Prince, Departement de l'Ouest",100,-72.33881,18.54349,-72.48781,18.39449,-72.18981,18.69249
"269",6,"Ouest","Carrefour",2550,18.54114,-72.39922,"Carrefour, Port-au-Prince, Département de l'Ouest",100,-72.39922,18.54114,-72.48922,18.45114,-72.30922,18.63114
"270",6,"Ouest","Croix-Des-Bouquets",1493,18.57677,-72.22625,"Croix-des-Bouquets, Arrondissement de la Croix-des-Bouquets, Departement de l'Ouest",100,-72.22625,18.57677,-72.29125,18.51177,-72.16125,18.64177
"271",6,"Ouest","Port-au-Prince",1236,18.54349,-72.33881,"Port-au-Prince, Departement de l'Ouest",100,-72.33881,18.54349,-72.48781,18.39449,-72.18981,18.69249
"272",6,"Ouest","Port-au-Prince",992,18.54349,-72.33881,"Port-au-Prince, Departement de l'Ouest",100,-72.33881,18.54349,-72.48781,18.39449,-72.18981,18.69249
"273",6,"Ouest","Port-au-Prince",894,18.54349,-72.33881,"Port-au-Prince, Departement de l'Ouest",100,-72.33881,18.54349,-72.48781,18.39449,-72.18981,18.69249
"274",6,"Ouest","Kenscoff",780,18.4324479,-72.283773,"Kenscoff, Port-au-Prince, L'Ouest",100,-72.283773,18.4324479,-72.368773,18.3474479,-72.198773,18.5174479
"275",6,"Ouest","Port-au-Prince",695,18.54349,-72.33881,"Port-au-Prince, Departement de l'Ouest",100,-72.33881,18.54349,-72.48781,18.39449,-72.18981,18.69249
"276",6,"Ouest","Carrefour",435,18.54114,-72.39922,"Carrefour, Port-au-Prince, Département de l'Ouest",100,-72.39922,18.54114,-72.48922,18.45114,-72.30922,18.63114
"277",6,"Ouest","Delmas",267,18.5581224,-72.2971561,"Delmas, Port-au-Prince, L'Ouest",100,-72.2971561,18.5581224,-72.3321561,18.5231224,-72.2621561,18.5931224
"278",6,"Ouest","Delmas",264,18.5581224,-72.2971561,"Delmas, Port-au-Prince, L'Ouest",100,-72.2971561,18.5581224,-72.3321561,18.5231224,-72.2621561,18.5931224
"279",6,"Ouest","Port-au-Prince",264,18.54349,-72.33881,"Port-au-Prince, Departement de l'Ouest",100,-72.33881,18.54349,-72.48781,18.39449,-72.18981,18.69249
"280",6,"Ouest","Delmas",250,18.5581224,-72.2971561,"Delmas, Port-au-Prince, L'Ouest",100,-72.2971561,18.5581224,-72.3321561,18.5231224,-72.2621561,18.5931224
"281",6,"Ouest","Tabarre",250,18.5733511,-72.2660827,"Tabarre, Port-au-Prince, L'Ouest",100,-72.2660827,18.5733511,-72.3070827,18.5323511,-72.2250827,18.6143511
"282",6,"Ouest","Delmas",243,18.5581224,-72.2971561,"Delmas, Port-au-Prince, L'Ouest",100,-72.2971561,18.5581224,-72.3321561,18.5231224,-72.2621561,18.5931224
"283",6,"Ouest","Croix-Des-Bouquets",120,18.57677,-72.22625,"Croix-des-Bouquets, Arrondissement de la Croix-des-Bouquets, Departement de l'Ouest",100,-72.22625,18.57677,-72.29125,18.51177,-72.16125,18.64177
"284",6,"Ouest","Tabarre",92,18.5733511,-72.2660827,"Tabarre, Port-au-Prince, L'Ouest",100,-72.2660827,18.5733511,-72.3070827,18.5323511,-72.2250827,18.6143511
"285",6,"Ouest","Pétion-Ville",86,18.5166745,-72.2831217,"Pétion-Ville, Port-au-Prince, L'Ouest",100,-72.2831217,18.5166745,-72.3701217,18.4296745,-72.1961217,18.6036745
"286",6,"Ouest","Carrefour",80,18.54114,-72.39922,"Carrefour, Port-au-Prince, Département de l'Ouest",100,-72.39922,18.54114,-72.48922,18.45114,-72.30922,18.63114
"287",6,"Ouest","Thomazeau",66,18.6502463,-72.0971751,"Thomazeau, Croix-des-Bouquets, L'Ouest",100,-72.0971751,18.6502463,-72.2131751,18.5342463,-71.9811751,18.7662463
"288",6,"Ouest","Pétion-Ville",40,18.5166745,-72.2831217,"Pétion-Ville, Port-au-Prince, L'Ouest",100,-72.2831217,18.5166745,-72.3701217,18.4296745,-72.1961217,18.6036745
"289",6,"Ouest","Delmas",25,18.5581224,-72.2971561,"Delmas, Port-au-Prince, L'Ouest",100,-72.2971561,18.5581224,-72.3321561,18.5231224,-72.2621561,18.5931224
"290",6,"Ouest","Pétion-Ville",8,18.5166745,-72.2831217,"Pétion-Ville, Port-au-Prince, L'Ouest",100,-72.2831217,18.5166745,-72.3701217,18.4296745,-72.1961217,18.6036745
"291",6,"Ouest","Port-au-Prince",0,18.54349,-72.33881,"Port-au-Prince, Departement de l'Ouest",100,-72.33881,18.54349,-72.48781,18.39449,-72.18981,18.69249
"292",6,"Ouest","Pétion-Ville",0,18.5166745,-72.2831217,"Pétion-Ville, Port-au-Prince, L'Ouest",100,-72.2831217,18.5166745,-72.3701217,18.4296745,-72.1961217,18.6036745
"293",6,"Ouest","Croix-Des-Bouquets",0,18.57677,-72.22625,"Croix-des-Bouquets, Arrondissement de la Croix-des-Bouquets, Departement de l'Ouest",100,-72.22625,18.57677,-72.29125,18.51177,-72.16125,18.64177
"294",6,"Ouest","Cornillon / Grand Bois",0,18.6795864,-71.954207,"Grand-Bois, Croix-des-Bouquets, L'Ouest",100,-71.954207,18.6795864,-72.049207,18.5845864,-71.859207,18.7745864
"295",6,"Ouest","Léogâne",0,18.5111,-72.63343,"Léogâne, Leyogàn, Département de l'Ouest",100,-72.63343,18.5111,-72.68343,18.4611,-72.58343,18.5611
"296",6,"Ouest","Cité Soleil",0,18.5935228,-72.3241814,"Cité Soleil, Port-au-Prince, L'Ouest",100,-72.3241814,18.5935228,-72.3591814,18.5585228,-72.2891814,18.6285228
"297",6,"Ouest","Delmas",3550,18.5581224,-72.2971561,"Delmas, Port-au-Prince, L'Ouest",100,-72.2971561,18.5581224,-72.3321561,18.5231224,-72.2621561,18.5931224
"298",6,"Ouest","Petit-Goâve",2950,18.4339516,-72.8612893,"Petit-Gôave, Léogane, L'Ouest",100,-72.8612893,18.4339516,-72.9762893,18.3189516,-72.7462893,18.5489516
"299",6,"Ouest","Gressier",2750,18.5386508,-72.4856259,"Gressier, Port-au-Prince, L'Ouest",100,-72.4856259,18.5386508,-72.5366259,18.4876508,-72.4346259,18.5896508
"300",6,"Ouest","Port-au-Prince",2410,18.54349,-72.33881,"Port-au-Prince, Departement de l'Ouest",100,-72.33881,18.54349,-72.48781,18.39449,-72.18981,18.69249
"301",6,"Ouest","Delmas",1300,18.5581224,-72.2971561,"Delmas, Port-au-Prince, L'Ouest",100,-72.2971561,18.5581224,-72.3321561,18.5231224,-72.2621561,18.5931224
"302",6,"Ouest","Delmas",855,18.5581224,-72.2971561,"Delmas, Port-au-Prince, L'Ouest",100,-72.2971561,18.5581224,-72.3321561,18.5231224,-72.2621561,18.5931224
"303",6,"Ouest","Port-au-Prince",800,18.54349,-72.33881,"Port-au-Prince, Departement de l'Ouest",100,-72.33881,18.54349,-72.48781,18.39449,-72.18981,18.69249
"304",6,"Ouest","Tabarre",480,18.5733511,-72.2660827,"Tabarre, Port-au-Prince, L'Ouest",100,-72.2660827,18.5733511,-72.3070827,18.5323511,-72.2250827,18.6143511
"305",6,"Ouest","Carrefour",280,18.54114,-72.39922,"Carrefour, Port-au-Prince, Département de l'Ouest",100,-72.39922,18.54114,-72.48922,18.45114,-72.30922,18.63114
"306",6,"Ouest","Carrefour",206,18.54114,-72.39922,"Carrefour, Port-au-Prince, Département de l'Ouest",100,-72.39922,18.54114,-72.48922,18.45114,-72.30922,18.63114
"307",6,"Ouest","Carrefour",180,18.54114,-72.39922,"Carrefour, Port-au-Prince, Département de l'Ouest",100,-72.39922,18.54114,-72.48922,18.45114,-72.30922,18.63114
"308",6,"Ouest","Delmas",177,18.5581224,-72.2971561,"Delmas, Port-au-Prince, L'Ouest",100,-72.2971561,18.5581224,-72.3321561,18.5231224,-72.2621561,18.5931224
"309",6,"Ouest","Pétion-Ville",102,18.5166745,-72.2831217,"Pétion-Ville, Port-au-Prince, L'Ouest",100,-72.2831217,18.5166745,-72.3701217,18.4296745,-72.1961217,18.6036745
"310",6,"Ouest","Grand-Goâve",80,18.4182808,-72.7296867,"Grand-Gôave, Léogane, L'Ouest",100,-72.7296867,18.4182808,-72.8236867,18.3242808,-72.6356867,18.5122808
"311",6,"Ouest","Tabarre",45,18.5733511,-72.2660827,"Tabarre, Port-au-Prince, L'Ouest",100,-72.2660827,18.5733511,-72.3070827,18.5323511,-72.2250827,18.6143511
"312",6,"Ouest","Port-au-Prince",0,18.54349,-72.33881,"Port-au-Prince, Departement de l'Ouest",100,-72.33881,18.54349,-72.48781,18.39449,-72.18981,18.69249
"313",6,"Ouest","Port-au-Prince",0,18.54349,-72.33881,"Port-au-Prince, Departement de l'Ouest",100,-72.33881,18.54349,-72.48781,18.39449,-72.18981,18.69249
"314",6,"Ouest","Port-au-Prince",0,18.54349,-72.33881,"Port-au-Prince, Departement de l'Ouest",100,-72.33881,18.54349,-72.48781,18.39449,-72.18981,18.69249
"315",6,"Ouest","Croix-Des-Bouquets",0,18.57677,-72.22625,"Croix-des-Bouquets, Arrondissement de la Croix-des-Bouquets, Departement de l'Ouest",100,-72.22625,18.57677,-72.29125,18.51177,-72.16125,18.64177
"316",6,"Ouest","Pétion-Ville",0,18.5166745,-72.2831217,"Pétion-Ville, Port-au-Prince, L'Ouest",100,-72.2831217,18.5166745,-72.3701217,18.4296745,-72.1961217,18.6036745
"317",6,"Ouest","Croix-Des-Bouquets",0,18.57677,-72.22625,"Croix-des-Bouquets, Arrondissement de la Croix-des-Bouquets, Departement de l'Ouest",100,-72.22625,18.57677,-72.29125,18.51177,-72.16125,18.64177
"318",6,"Ouest","Delmas",0,18.5581224,-72.2971561,"Delmas, Port-au-Prince, L'Ouest",100,-72.2971561,18.5581224,-72.3321561,18.5231224,-72.2621561,18.5931224
"319",6,"Ouest","Port-au-Prince",0,18.54349,-72.33881,"Port-au-Prince, Departement de l'Ouest",100,-72.33881,18.54349,-72.48781,18.39449,-72.18981,18.69249
"320",6,"Ouest","Port-au-Prince",0,18.54349,-72.33881,"Port-au-Prince, Departement de l'Ouest",100,-72.33881,18.54349,-72.48781,18.39449,-72.18981,18.69249
"321",6,"Ouest","Pétion-Ville",101,18.5166745,-72.2831217,"Pétion-Ville, Port-au-Prince, L'Ouest",100,-72.2831217,18.5166745,-72.3701217,18.4296745,-72.1961217,18.6036745
"322",6,"Ouest","Grand-Goâve",66,18.4182808,-72.7296867,"Grand-Gôave, Léogane, L'Ouest",100,-72.7296867,18.4182808,-72.8236867,18.3242808,-72.6356867,18.5122808
"323",6,"Ouest","Pétion-Ville",0,18.5166745,-72.2831217,"Pétion-Ville, Port-au-Prince, L'Ouest",100,-72.2831217,18.5166745,-72.3701217,18.4296745,-72.1961217,18.6036745
"324",6,"Ouest","Pétion-Ville",0,18.5166745,-72.2831217,"Pétion-Ville, Port-au-Prince, L'Ouest",100,-72.2831217,18.5166745,-72.3701217,18.4296745,-72.1961217,18.6036745
"325",6,"Ouest","Ganthier",7700,18.5315325,-72.06656,"Ganthier, Croix-des-Bouquets, L'Ouest",100,-72.06656,18.5315325,-72.20456,18.3935325,-71.92856,18.6695325
"326",6,"Ouest","Carrefour",284,18.54114,-72.39922,"Carrefour, Port-au-Prince, Département de l'Ouest",100,-72.39922,18.54114,-72.48922,18.45114,-72.30922,18.63114
"327",6,"Ouest","Port-au-Prince",240,18.54349,-72.33881,"Port-au-Prince, Departement de l'Ouest",100,-72.33881,18.54349,-72.48781,18.39449,-72.18981,18.69249
"328",6,"Ouest","Port-au-Prince",125,18.54349,-72.33881,"Port-au-Prince, Departement de l'Ouest",100,-72.33881,18.54349,-72.48781,18.39449,-72.18981,18.69249
"329",6,"Ouest","Port-au-Prince",0,18.54349,-72.33881,"Port-au-Prince, Departement de l'Ouest",100,-72.33881,18.54349,-72.48781,18.39449,-72.18981,18.69249
"330",6,"Ouest","Port-au-Prince",0,18.54349,-72.33881,"Port-au-Prince, Departement de l'Ouest",100,-72.33881,18.54349,-72.48781,18.39449,-72.18981,18.69249
"331",6,"Ouest","Port-au-Prince",0,18.54349,-72.33881,"Port-au-Prince, Departement de l'Ouest",100,-72.33881,18.54349,-72.48781,18.39449,-72.18981,18.69249
"332",6,"Ouest","Ganthier",0,18.5315325,-72.06656,"Ganthier, Croix-des-Bouquets, L'Ouest",100,-72.06656,18.5315325,-72.20456,18.3935325,-71.92856,18.6695325
"333",6,"Ouest","Port-au-Prince",2555,18.54349,-72.33881,"Port-au-Prince, Departement de l'Ouest",100,-72.33881,18.54349,-72.48781,18.39449,-72.18981,18.69249
"334",6,"Ouest","Port-au-Prince",2025,18.54349,-72.33881,"Port-au-Prince, Departement de l'Ouest",100,-72.33881,18.54349,-72.48781,18.39449,-72.18981,18.69249
"335",6,"Ouest","Croix-Des-Bouquets",1755,18.57677,-72.22625,"Croix-des-Bouquets, Arrondissement de la Croix-des-Bouquets, Departement de l'Ouest",100,-72.22625,18.57677,-72.29125,18.51177,-72.16125,18.64177
"336",6,"Ouest","Cité Soleil",635,18.5935228,-72.3241814,"Cité Soleil, Port-au-Prince, L'Ouest",100,-72.3241814,18.5935228,-72.3591814,18.5585228,-72.2891814,18.6285228
"337",6,"Ouest","Carrefour",380,18.54114,-72.39922,"Carrefour, Port-au-Prince, Département de l'Ouest",100,-72.39922,18.54114,-72.48922,18.45114,-72.30922,18.63114
"338",6,"Ouest","Petit-Goâve",230,18.4339516,-72.8612893,"Petit-Gôave, Léogane, L'Ouest",100,-72.8612893,18.4339516,-72.9762893,18.3189516,-72.7462893,18.5489516
"339",6,"Ouest","Port-au-Prince",225,18.54349,-72.33881,"Port-au-Prince, Departement de l'Ouest",100,-72.33881,18.54349,-72.48781,18.39449,-72.18981,18.69249
"340",6,"Ouest","Cité Soleil",220,18.5935228,-72.3241814,"Cité Soleil, Port-au-Prince, L'Ouest",100,-72.3241814,18.5935228,-72.3591814,18.5585228,-72.2891814,18.6285228
"341",6,"Ouest","Croix-Des-Bouquets",200,18.57677,-72.22625,"Croix-des-Bouquets, Arrondissement de la Croix-des-Bouquets, Departement de l'Ouest",100,-72.22625,18.57677,-72.29125,18.51177,-72.16125,18.64177
"342",6,"Ouest","Cité Soleil",140,18.5935228,-72.3241814,"Cité Soleil, Port-au-Prince, L'Ouest",100,-72.3241814,18.5935228,-72.3591814,18.5585228,-72.2891814,18.6285228
"343",6,"Ouest","Croix-Des-Bouquets",100,18.57677,-72.22625,"Croix-des-Bouquets, Arrondissement de la Croix-des-Bouquets, Departement de l'Ouest",100,-72.22625,18.57677,-72.29125,18.51177,-72.16125,18.64177
"344",6,"Ouest","Pétion-Ville",100,18.5166745,-72.2831217,"Pétion-Ville, Port-au-Prince, L'Ouest",100,-72.2831217,18.5166745,-72.3701217,18.4296745,-72.1961217,18.6036745
"345",6,"Ouest","Pétion-Ville",95,18.5166745,-72.2831217,"Pétion-Ville, Port-au-Prince, L'Ouest",100,-72.2831217,18.5166745,-72.3701217,18.4296745,-72.1961217,18.6036745
"346",6,"Ouest","Delmas",93,18.5581224,-72.2971561,"Delmas, Port-au-Prince, L'Ouest",100,-72.2971561,18.5581224,-72.3321561,18.5231224,-72.2621561,18.5931224
"347",6,"Ouest","Delmas",85,18.5581224,-72.2971561,"Delmas, Port-au-Prince, L'Ouest",100,-72.2971561,18.5581224,-72.3321561,18.5231224,-72.2621561,18.5931224
"348",6,"Ouest","Delmas",80,18.5581224,-72.2971561,"Delmas, Port-au-Prince, L'Ouest",100,-72.2971561,18.5581224,-72.3321561,18.5231224,-72.2621561,18.5931224
"349",6,"Ouest","Cité Soleil",80,18.5935228,-72.3241814,"Cité Soleil, Port-au-Prince, L'Ouest",100,-72.3241814,18.5935228,-72.3591814,18.5585228,-72.2891814,18.6285228
"350",6,"Ouest","Port-au-Prince",50,18.54349,-72.33881,"Port-au-Prince, Departement de l'Ouest",100,-72.33881,18.54349,-72.48781,18.39449,-72.18981,18.69249
"351",6,"Ouest","Tabarre",45,18.5733511,-72.2660827,"Tabarre, Port-au-Prince, L'Ouest",100,-72.2660827,18.5733511,-72.3070827,18.5323511,-72.2250827,18.6143511
"352",6,"Ouest","Delmas",26,18.5581224,-72.2971561,"Delmas, Port-au-Prince, L'Ouest",100,-72.2971561,18.5581224,-72.3321561,18.5231224,-72.2621561,18.5931224
"353",6,"Ouest","Pétion-Ville",0,18.5166745,-72.2831217,"Pétion-Ville, Port-au-Prince, L'Ouest",100,-72.2831217,18.5166745,-72.3701217,18.4296745,-72.1961217,18.6036745
"354",6,"Ouest","Pétion-Ville",0,18.5166745,-72.2831217,"Pétion-Ville, Port-au-Prince, L'Ouest",100,-72.2831217,18.5166745,-72.3701217,18.4296745,-72.1961217,18.6036745
"355",6,"Ouest","Port-au-Prince",0,18.54349,-72.33881,"Port-au-Prince, Departement de l'Ouest",100,-72.33881,18.54349,-72.48781,18.39449,-72.18981,18.69249
"356",6,"Ouest","Port-au-Prince",0,18.54349,-72.33881,"Port-au-Prince, Departement de l'Ouest",100,-72.33881,18.54349,-72.48781,18.39449,-72.18981,18.69249
"357",6,"Ouest","Pétion-Ville",0,18.5166745,-72.2831217,"Pétion-Ville, Port-au-Prince, L'Ouest",100,-72.2831217,18.5166745,-72.3701217,18.4296745,-72.1961217,18.6036745
"358",6,"Ouest","Port-au-Prince",0,18.54349,-72.33881,"Port-au-Prince, Departement de l'Ouest",100,-72.33881,18.54349,-72.48781,18.39449,-72.18981,18.69249
"359",6,"Ouest","Port-au-Prince",0,18.54349,-72.33881,"Port-au-Prince, Departement de l'Ouest",100,-72.33881,18.54349,-72.48781,18.39449,-72.18981,18.69249
"360",6,"Ouest","Delmas",0,18.5581224,-72.2971561,"Delmas, Port-au-Prince, L'Ouest",100,-72.2971561,18.5581224,-72.3321561,18.5231224,-72.2621561,18.5931224
"361",6,"Ouest","Ganthier",1985,18.5315325,-72.06656,"Ganthier, Croix-des-Bouquets, L'Ouest",100,-72.06656,18.5315325,-72.20456,18.3935325,-71.92856,18.6695325
"362",6,"Ouest","Cité Soleil",946,18.5935228,-72.3241814,"Cité Soleil, Port-au-Prince, L'Ouest",100,-72.3241814,18.5935228,-72.3591814,18.5585228,-72.2891814,18.6285228
"363",6,"Ouest","Carrefour",624,18.54114,-72.39922,"Carrefour, Port-au-Prince, Département de l'Ouest",100,-72.39922,18.54114,-72.48922,18.45114,-72.30922,18.63114
"364",6,"Ouest","Carrefour",400,18.54114,-72.39922,"Carrefour, Port-au-Prince, Département de l'Ouest",100,-72.39922,18.54114,-72.48922,18.45114,-72.30922,18.63114
"365",6,"Ouest","Croix-Des-Bouquets",400,18.57677,-72.22625,"Croix-des-Bouquets, Arrondissement de la Croix-des-Bouquets, Departement de l'Ouest",100,-72.22625,18.57677,-72.29125,18.51177,-72.16125,18.64177
"366",6,"Ouest","Carrefour",340,18.54114,-72.39922,"Carrefour, Port-au-Prince, Département de l'Ouest",100,-72.39922,18.54114,-72.48922,18.45114,-72.30922,18.63114
"367",6,"Ouest","Port-au-Prince",335,18.54349,-72.33881,"Port-au-Prince, Departement de l'Ouest",100,-72.33881,18.54349,-72.48781,18.39449,-72.18981,18.69249
"368",6,"Ouest","Port-au-Prince",225,18.54349,-72.33881,"Port-au-Prince, Departement de l'Ouest",100,-72.33881,18.54349,-72.48781,18.39449,-72.18981,18.69249
"369",6,"Ouest","Croix-Des-Bouquets",200,18.57677,-72.22625,"Croix-des-Bouquets, Arrondissement de la Croix-des-Bouquets, Departement de l'Ouest",100,-72.22625,18.57677,-72.29125,18.51177,-72.16125,18.64177
"370",6,"Ouest","Croix-Des-Bouquets",150,18.57677,-72.22625,"Croix-des-Bouquets, Arrondissement de la Croix-des-Bouquets, Departement de l'Ouest",100,-72.22625,18.57677,-72.29125,18.51177,-72.16125,18.64177
"371",6,"Ouest","Pétion-Ville",100,18.5166745,-72.2831217,"Pétion-Ville, Port-au-Prince, L'Ouest",100,-72.2831217,18.5166745,-72.3701217,18.4296745,-72.1961217,18.6036745
"372",6,"Ouest","Croix-Des-Bouquets",100,18.57677,-72.22625,"Croix-des-Bouquets, Arrondissement de la Croix-des-Bouquets, Departement de l'Ouest",100,-72.22625,18.57677,-72.29125,18.51177,-72.16125,18.64177
"373",6,"Ouest","Tabarre",75,18.5733511,-72.2660827,"Tabarre, Port-au-Prince, L'Ouest",100,-72.2660827,18.5733511,-72.3070827,18.5323511,-72.2250827,18.6143511
"374",6,"Ouest","Tabarre",60,18.5733511,-72.2660827,"Tabarre, Port-au-Prince, L'Ouest",100,-72.2660827,18.5733511,-72.3070827,18.5323511,-72.2250827,18.6143511
"375",6,"Ouest","Delmas",58,18.5581224,-72.2971561,"Delmas, Port-au-Prince, L'Ouest",100,-72.2971561,18.5581224,-72.3321561,18.5231224,-72.2621561,18.5931224
"376",6,"Ouest","Pétion-Ville",50,18.5166745,-72.2831217,"Pétion-Ville, Port-au-Prince, L'Ouest",100,-72.2831217,18.5166745,-72.3701217,18.4296745,-72.1961217,18.6036745
"377",6,"Ouest","Delmas",43,18.5581224,-72.2971561,"Delmas, Port-au-Prince, L'Ouest",100,-72.2971561,18.5581224,-72.3321561,18.5231224,-72.2621561,18.5931224
"378",6,"Ouest","Pétion-Ville",4,18.5166745,-72.2831217,"Pétion-Ville, Port-au-Prince, L'Ouest",100,-72.2831217,18.5166745,-72.3701217,18.4296745,-72.1961217,18.6036745
"379",6,"Ouest","Port-au-Prince",0,18.54349,-72.33881,"Port-au-Prince, Departement de l'Ouest",100,-72.33881,18.54349,-72.48781,18.39449,-72.18981,18.69249
"380",6,"Ouest","Port-au-Prince",0,18.54349,-72.33881,"Port-au-Prince, Departement de l'Ouest",100,-72.33881,18.54349,-72.48781,18.39449,-72.18981,18.69249
"381",6,"Ouest","Port-au-Prince",0,18.54349,-72.33881,"Port-au-Prince, Departement de l'Ouest",100,-72.33881,18.54349,-72.48781,18.39449,-72.18981,18.69249
"382",6,"Ouest","Port-au-Prince",0,18.54349,-72.33881,"Port-au-Prince, Departement de l'Ouest",100,-72.33881,18.54349,-72.48781,18.39449,-72.18981,18.69249
"383",6,"Ouest","Port-au-Prince",0,18.54349,-72.33881,"Port-au-Prince, Departement de l'Ouest",100,-72.33881,18.54349,-72.48781,18.39449,-72.18981,18.69249
"384",6,"Ouest","Port-au-Prince",0,18.54349,-72.33881,"Port-au-Prince, Departement de l'Ouest",100,-72.33881,18.54349,-72.48781,18.39449,-72.18981,18.69249
"385",6,"Ouest","Delmas",0,18.5581224,-72.2971561,"Delmas, Port-au-Prince, L'Ouest",100,-72.2971561,18.5581224,-72.3321561,18.5231224,-72.2621561,18.5931224
"386",6,"Ouest","Ganthier",2920,18.5315325,-72.06656,"Ganthier, Croix-des-Bouquets, L'Ouest",100,-72.06656,18.5315325,-72.20456,18.3935325,-71.92856,18.6695325
"387",6,"Ouest","Delmas",660,18.5581224,-72.2971561,"Delmas, Port-au-Prince, L'Ouest",100,-72.2971561,18.5581224,-72.3321561,18.5231224,-72.2621561,18.5931224
"388",6,"Ouest","Pétion-Ville",433,18.5166745,-72.2831217,"Pétion-Ville, Port-au-Prince, L'Ouest",100,-72.2831217,18.5166745,-72.3701217,18.4296745,-72.1961217,18.6036745
"389",6,"Ouest","Anse à Galets",400,18.8324311,-72.8643389,"Anse-à-Galets, La Gonave, L'Ouest",100,-72.8643389,18.8324311,-72.8713389,18.8254311,-72.8573389,18.8394311
"390",6,"Ouest","Carrefour",360,18.54114,-72.39922,"Carrefour, Port-au-Prince, Département de l'Ouest",100,-72.39922,18.54114,-72.48922,18.45114,-72.30922,18.63114
"391",6,"Ouest","Port-au-Prince",350,18.54349,-72.33881,"Port-au-Prince, Departement de l'Ouest",100,-72.33881,18.54349,-72.48781,18.39449,-72.18981,18.69249
"392",6,"Ouest","Port-au-Prince",350,18.54349,-72.33881,"Port-au-Prince, Departement de l'Ouest",100,-72.33881,18.54349,-72.48781,18.39449,-72.18981,18.69249
"393",6,"Ouest","Tabarre",350,18.5733511,-72.2660827,"Tabarre, Port-au-Prince, L'Ouest",100,-72.2660827,18.5733511,-72.3070827,18.5323511,-72.2250827,18.6143511
"394",6,"Ouest","Delmas",347,18.5581224,-72.2971561,"Delmas, Port-au-Prince, L'Ouest",100,-72.2971561,18.5581224,-72.3321561,18.5231224,-72.2621561,18.5931224
"395",6,"Ouest","Croix-Des-Bouquets",250,18.57677,-72.22625,"Croix-des-Bouquets, Arrondissement de la Croix-des-Bouquets, Departement de l'Ouest",100,-72.22625,18.57677,-72.29125,18.51177,-72.16125,18.64177
"396",6,"Ouest","Cité Soleil",246,18.5935228,-72.3241814,"Cité Soleil, Port-au-Prince, L'Ouest",100,-72.3241814,18.5935228,-72.3591814,18.5585228,-72.2891814,18.6285228
"397",6,"Ouest","Carrefour",200,18.54114,-72.39922,"Carrefour, Port-au-Prince, Département de l'Ouest",100,-72.39922,18.54114,-72.48922,18.45114,-72.30922,18.63114
"398",6,"Ouest","Delmas",200,18.5581224,-72.2971561,"Delmas, Port-au-Prince, L'Ouest",100,-72.2971561,18.5581224,-72.3321561,18.5231224,-72.2621561,18.5931224
"399",6,"Ouest","Tabarre",185,18.5733511,-72.2660827,"Tabarre, Port-au-Prince, L'Ouest",100,-72.2660827,18.5733511,-72.3070827,18.5323511,-72.2250827,18.6143511
"400",6,"Ouest","Delmas",160,18.5581224,-72.2971561,"Delmas, Port-au-Prince, L'Ouest",100,-72.2971561,18.5581224,-72.3321561,18.5231224,-72.2621561,18.5931224
"401",6,"Ouest","Tabarre",100,18.5733511,-72.2660827,"Tabarre, Port-au-Prince, L'Ouest",100,-72.2660827,18.5733511,-72.3070827,18.5323511,-72.2250827,18.6143511
"402",6,"Ouest","Pétion-Ville",93,18.5166745,-72.2831217,"Pétion-Ville, Port-au-Prince, L'Ouest",100,-72.2831217,18.5166745,-72.3701217,18.4296745,-72.1961217,18.6036745
"403",6,"Ouest","Cité Soleil",23,18.5935228,-72.3241814,"Cité Soleil, Port-au-Prince, L'Ouest",100,-72.3241814,18.5935228,-72.3591814,18.5585228,-72.2891814,18.6285228
"404",6,"Ouest","Port-au-Prince",0,18.54349,-72.33881,"Port-au-Prince, Departement de l'Ouest",100,-72.33881,18.54349,-72.48781,18.39449,-72.18981,18.69249
"405",6,"Ouest","Carrefour",0,18.54114,-72.39922,"Carrefour, Port-au-Prince, Département de l'Ouest",100,-72.39922,18.54114,-72.48922,18.45114,-72.30922,18.63114
"406",6,"Ouest","Pétion-Ville",0,18.5166745,-72.2831217,"Pétion-Ville, Port-au-Prince, L'Ouest",100,-72.2831217,18.5166745,-72.3701217,18.4296745,-72.1961217,18.6036745
"407",6,"Ouest","Pétion-Ville",0,18.5166745,-72.2831217,"Pétion-Ville, Port-au-Prince, L'Ouest",100,-72.2831217,18.5166745,-72.3701217,18.4296745,-72.1961217,18.6036745
"408",6,"Ouest","Pétion-Ville",0,18.5166745,-72.2831217,"Pétion-Ville, Port-au-Prince, L'Ouest",100,-72.2831217,18.5166745,-72.3701217,18.4296745,-72.1961217,18.6036745
"409",6,"Ouest","Port-au-Prince",0,18.54349,-72.33881,"Port-au-Prince, Departement de l'Ouest",100,-72.33881,18.54349,-72.48781,18.39449,-72.18981,18.69249
"410",6,"Ouest","Port-au-Prince",0,18.54349,-72.33881,"Port-au-Prince, Departement de l'Ouest",100,-72.33881,18.54349,-72.48781,18.39449,-72.18981,18.69249
"411",6,"Ouest","Port-au-Prince",0,18.54349,-72.33881,"Port-au-Prince, Departement de l'Ouest",100,-72.33881,18.54349,-72.48781,18.39449,-72.18981,18.69249
"412",6,"Ouest","Croix-Des-Bouquets",0,18.57677,-72.22625,"Croix-des-Bouquets, Arrondissement de la Croix-des-Bouquets, Departement de l'Ouest",100,-72.22625,18.57677,-72.29125,18.51177,-72.16125,18.64177
"413",6,"Ouest","Delmas",1300,18.5581224,-72.2971561,"Delmas, Port-au-Prince, L'Ouest",100,-72.2971561,18.5581224,-72.3321561,18.5231224,-72.2621561,18.5931224
"414",6,"Ouest","Carrefour",920,18.54114,-72.39922,"Carrefour, Port-au-Prince, Département de l'Ouest",100,-72.39922,18.54114,-72.48922,18.45114,-72.30922,18.63114
"415",6,"Ouest","Cité Soleil",775,18.5935228,-72.3241814,"Cité Soleil, Port-au-Prince, L'Ouest",100,-72.3241814,18.5935228,-72.3591814,18.5585228,-72.2891814,18.6285228
"416",6,"Ouest","Delmas",491,18.5581224,-72.2971561,"Delmas, Port-au-Prince, L'Ouest",100,-72.2971561,18.5581224,-72.3321561,18.5231224,-72.2621561,18.5931224
"417",6,"Ouest","Delmas",382,18.5581224,-72.2971561,"Delmas, Port-au-Prince, L'Ouest",100,-72.2971561,18.5581224,-72.3321561,18.5231224,-72.2621561,18.5931224
"418",6,"Ouest","Carrefour",375,18.54114,-72.39922,"Carrefour, Port-au-Prince, Département de l'Ouest",100,-72.39922,18.54114,-72.48922,18.45114,-72.30922,18.63114
"419",6,"Ouest","Delmas",279,18.5581224,-72.2971561,"Delmas, Port-au-Prince, L'Ouest",100,-72.2971561,18.5581224,-72.3321561,18.5231224,-72.2621561,18.5931224
"420",6,"Ouest","Delmas",250,18.5581224,-72.2971561,"Delmas, Port-au-Prince, L'Ouest",100,-72.2971561,18.5581224,-72.3321561,18.5231224,-72.2621561,18.5931224
"421",6,"Ouest","Croix-Des-Bouquets",150,18.57677,-72.22625,"Croix-des-Bouquets, Arrondissement de la Croix-des-Bouquets, Departement de l'Ouest",100,-72.22625,18.57677,-72.29125,18.51177,-72.16125,18.64177
"422",6,"Ouest","Tabarre",136,18.5733511,-72.2660827,"Tabarre, Port-au-Prince, L'Ouest",100,-72.2660827,18.5733511,-72.3070827,18.5323511,-72.2250827,18.6143511
"423",6,"Ouest","Delmas",100,18.5581224,-72.2971561,"Delmas, Port-au-Prince, L'Ouest",100,-72.2971561,18.5581224,-72.3321561,18.5231224,-72.2621561,18.5931224
"424",6,"Ouest","Delmas",100,18.5581224,-72.2971561,"Delmas, Port-au-Prince, L'Ouest",100,-72.2971561,18.5581224,-72.3321561,18.5231224,-72.2621561,18.5931224
"425",6,"Ouest","Pétion-Ville",93,18.5166745,-72.2831217,"Pétion-Ville, Port-au-Prince, L'Ouest",100,-72.2831217,18.5166745,-72.3701217,18.4296745,-72.1961217,18.6036745
"426",6,"Ouest","Delmas",92,18.5581224,-72.2971561,"Delmas, Port-au-Prince, L'Ouest",100,-72.2971561,18.5581224,-72.3321561,18.5231224,-72.2621561,18.5931224
"427",6,"Ouest","Tabarre",88,18.5733511,-72.2660827,"Tabarre, Port-au-Prince, L'Ouest",100,-72.2660827,18.5733511,-72.3070827,18.5323511,-72.2250827,18.6143511
"428",6,"Ouest","Carrefour",80,18.54114,-72.39922,"Carrefour, Port-au-Prince, Département de l'Ouest",100,-72.39922,18.54114,-72.48922,18.45114,-72.30922,18.63114
"429",6,"Ouest","Delmas",64,18.5581224,-72.2971561,"Delmas, Port-au-Prince, L'Ouest",100,-72.2971561,18.5581224,-72.3321561,18.5231224,-72.2621561,18.5931224
"430",6,"Ouest","Croix-Des-Bouquets",12,18.57677,-72.22625,"Croix-des-Bouquets, Arrondissement de la Croix-des-Bouquets, Departement de l'Ouest",100,-72.22625,18.57677,-72.29125,18.51177,-72.16125,18.64177
"431",6,"Ouest","Carrefour",0,18.54114,-72.39922,"Carrefour, Port-au-Prince, Département de l'Ouest",100,-72.39922,18.54114,-72.48922,18.45114,-72.30922,18.63114
"432",6,"Ouest","Pétion-Ville",0,18.5166745,-72.2831217,"Pétion-Ville, Port-au-Prince, L'Ouest",100,-72.2831217,18.5166745,-72.3701217,18.4296745,-72.1961217,18.6036745
"433",6,"Ouest","Pétion-Ville",0,18.5166745,-72.2831217,"Pétion-Ville, Port-au-Prince, L'Ouest",100,-72.2831217,18.5166745,-72.3701217,18.4296745,-72.1961217,18.6036745
"434",6,"Ouest","Port-au-Prince",0,18.54349,-72.33881,"Port-au-Prince, Departement de l'Ouest",100,-72.33881,18.54349,-72.48781,18.39449,-72.18981,18.69249
"435",6,"Ouest","Port-au-Prince",0,18.54349,-72.33881,"Port-au-Prince, Departement de l'Ouest",100,-72.33881,18.54349,-72.48781,18.39449,-72.18981,18.69249
"436",6,"Ouest","Pétion-Ville",0,18.5166745,-72.2831217,"Pétion-Ville, Port-au-Prince, L'Ouest",100,-72.2831217,18.5166745,-72.3701217,18.4296745,-72.1961217,18.6036745
"437",6,"Ouest","Pétion-Ville",0,18.5166745,-72.2831217,"Pétion-Ville, Port-au-Prince, L'Ouest",100,-72.2831217,18.5166745,-72.3701217,18.4296745,-72.1961217,18.6036745
"438",6,"Ouest","Cité Soleil",0,18.5935228,-72.3241814,"Cité Soleil, Port-au-Prince, L'Ouest",100,-72.3241814,18.5935228,-72.3591814,18.5585228,-72.2891814,18.6285228
"439",6,"Ouest","Pétion-Ville",0,18.5166745,-72.2831217,"Pétion-Ville, Port-au-Prince, L'Ouest",100,-72.2831217,18.5166745,-72.3701217,18.4296745,-72.1961217,18.6036745
"440",6,"Ouest","Ganthier",0,18.5315325,-72.06656,"Ganthier, Croix-des-Bouquets, L'Ouest",100,-72.06656,18.5315325,-72.20456,18.3935325,-71.92856,18.6695325
"441",6,"Ouest","Delmas",525,18.5581224,-72.2971561,"Delmas, Port-au-Prince, L'Ouest",100,-72.2971561,18.5581224,-72.3321561,18.5231224,-72.2621561,18.5931224
"442",6,"Ouest","Delmas",497,18.5581224,-72.2971561,"Delmas, Port-au-Prince, L'Ouest",100,-72.2971561,18.5581224,-72.3321561,18.5231224,-72.2621561,18.5931224
"443",6,"Ouest","Carrefour",200,18.54114,-72.39922,"Carrefour, Port-au-Prince, Département de l'Ouest",100,-72.39922,18.54114,-72.48922,18.45114,-72.30922,18.63114
"444",6,"Ouest","Tabarre",200,18.5733511,-72.2660827,"Tabarre, Port-au-Prince, L'Ouest",100,-72.2660827,18.5733511,-72.3070827,18.5323511,-72.2250827,18.6143511
"445",6,"Ouest","Delmas",175,18.5581224,-72.2971561,"Delmas, Port-au-Prince, L'Ouest",100,-72.2971561,18.5581224,-72.3321561,18.5231224,-72.2621561,18.5931224
"446",6,"Ouest","Delmas",150,18.5581224,-72.2971561,"Delmas, Port-au-Prince, L'Ouest",100,-72.2971561,18.5581224,-72.3321561,18.5231224,-72.2621561,18.5931224
"447",6,"Ouest","Cité Soleil",143,18.5935228,-72.3241814,"Cité Soleil, Port-au-Prince, L'Ouest",100,-72.3241814,18.5935228,-72.3591814,18.5585228,-72.2891814,18.6285228
"448",6,"Ouest","Pétion-Ville",122,18.5166745,-72.2831217,"Pétion-Ville, Port-au-Prince, L'Ouest",100,-72.2831217,18.5166745,-72.3701217,18.4296745,-72.1961217,18.6036745
"449",6,"Ouest","Croix-Des-Bouquets",120,18.57677,-72.22625,"Croix-des-Bouquets, Arrondissement de la Croix-des-Bouquets, Departement de l'Ouest",100,-72.22625,18.57677,-72.29125,18.51177,-72.16125,18.64177
"450",6,"Ouest","Delmas",115,18.5581224,-72.2971561,"Delmas, Port-au-Prince, L'Ouest",100,-72.2971561,18.5581224,-72.3321561,18.5231224,-72.2621561,18.5931224
"451",6,"Ouest","Pétion-Ville",109,18.5166745,-72.2831217,"Pétion-Ville, Port-au-Prince, L'Ouest",100,-72.2831217,18.5166745,-72.3701217,18.4296745,-72.1961217,18.6036745
"452",6,"Ouest","Port-au-Prince",100,18.54349,-72.33881,"Port-au-Prince, Departement de l'Ouest",100,-72.33881,18.54349,-72.48781,18.39449,-72.18981,18.69249
"453",6,"Ouest","Croix-Des-Bouquets",100,18.57677,-72.22625,"Croix-des-Bouquets, Arrondissement de la Croix-des-Bouquets, Departement de l'Ouest",100,-72.22625,18.57677,-72.29125,18.51177,-72.16125,18.64177
"454",6,"Ouest","Delmas",100,18.5581224,-72.2971561,"Delmas, Port-au-Prince, L'Ouest",100,-72.2971561,18.5581224,-72.3321561,18.5231224,-72.2621561,18.5931224
"455",6,"Ouest","Delmas",85,18.5581224,-72.2971561,"Delmas, Port-au-Prince, L'Ouest",100,-72.2971561,18.5581224,-72.3321561,18.5231224,-72.2621561,18.5931224
"456",6,"Ouest","Delmas",56,18.5581224,-72.2971561,"Delmas, Port-au-Prince, L'Ouest",100,-72.2971561,18.5581224,-72.3321561,18.5231224,-72.2621561,18.5931224
"457",6,"Ouest","Carrefour",0,18.54114,-72.39922,"Carrefour, Port-au-Prince, Département de l'Ouest",100,-72.39922,18.54114,-72.48922,18.45114,-72.30922,18.63114
"458",6,"Ouest","Pétion-Ville",0,18.5166745,-72.2831217,"Pétion-Ville, Port-au-Prince, L'Ouest",100,-72.2831217,18.5166745,-72.3701217,18.4296745,-72.1961217,18.6036745
"459",6,"Ouest","Carrefour",0,18.54114,-72.39922,"Carrefour, Port-au-Prince, Département de l'Ouest",100,-72.39922,18.54114,-72.48922,18.45114,-72.30922,18.63114
"460",6,"Ouest","Port-au-Prince",0,18.54349,-72.33881,"Port-au-Prince, Departement de l'Ouest",100,-72.33881,18.54349,-72.48781,18.39449,-72.18981,18.69249
"461",6,"Ouest","Port-au-Prince",0,18.54349,-72.33881,"Port-au-Prince, Departement de l'Ouest",100,-72.33881,18.54349,-72.48781,18.39449,-72.18981,18.69249
"462",6,"Ouest","Port-au-Prince",0,18.54349,-72.33881,"Port-au-Prince, Departement de l'Ouest",100,-72.33881,18.54349,-72.48781,18.39449,-72.18981,18.69249
"463",6,"Ouest","Port-au-Prince",0,18.54349,-72.33881,"Port-au-Prince, Departement de l'Ouest",100,-72.33881,18.54349,-72.48781,18.39449,-72.18981,18.69249
"464",6,"Ouest","Pétion-Ville",0,18.5166745,-72.2831217,"Pétion-Ville, Port-au-Prince, L'Ouest",100,-72.2831217,18.5166745,-72.3701217,18.4296745,-72.1961217,18.6036745
"465",6,"Ouest","Port-au-Prince",0,18.54349,-72.33881,"Port-au-Prince, Departement de l'Ouest",100,-72.33881,18.54349,-72.48781,18.39449,-72.18981,18.69249
"466",6,"Ouest","Port-au-Prince",0,18.54349,-72.33881,"Port-au-Prince, Departement de l'Ouest",100,-72.33881,18.54349,-72.48781,18.39449,-72.18981,18.69249
"467",6,"Ouest","Pétion-Ville",0,18.5166745,-72.2831217,"Pétion-Ville, Port-au-Prince, L'Ouest",100,-72.2831217,18.5166745,-72.3701217,18.4296745,-72.1961217,18.6036745
"468",6,"Ouest","Tabarre",0,18.5733511,-72.2660827,"Tabarre, Port-au-Prince, L'Ouest",100,-72.2660827,18.5733511,-72.3070827,18.5323511,-72.2250827,18.6143511
"469",6,"Ouest","Port-au-Prince",0,18.54349,-72.33881,"Port-au-Prince, Departement de l'Ouest",100,-72.33881,18.54349,-72.48781,18.39449,-72.18981,18.69249
"470",6,"Ouest","Cité Soleil",145,18.5935228,-72.3241814,"Cité Soleil, Port-au-Prince, L'Ouest",100,-72.3241814,18.5935228,-72.3591814,18.5585228,-72.2891814,18.6285228
"471",6,"Ouest","Port-au-Prince",0,18.54349,-72.33881,"Port-au-Prince, Departement de l'Ouest",100,-72.33881,18.54349,-72.48781,18.39449,-72.18981,18.69249
"472",6,"Ouest","Delmas",657,18.5581224,-72.2971561,"Delmas, Port-au-Prince, L'Ouest",100,-72.2971561,18.5581224,-72.3321561,18.5231224,-72.2621561,18.5931224
"473",6,"Ouest","Delmas",483,18.5581224,-72.2971561,"Delmas, Port-au-Prince, L'Ouest",100,-72.2971561,18.5581224,-72.3321561,18.5231224,-72.2621561,18.5931224
"474",6,"Ouest","Delmas",460,18.5581224,-72.2971561,"Delmas, Port-au-Prince, L'Ouest",100,-72.2971561,18.5581224,-72.3321561,18.5231224,-72.2621561,18.5931224
"475",6,"Ouest","Delmas",348,18.5581224,-72.2971561,"Delmas, Port-au-Prince, L'Ouest",100,-72.2971561,18.5581224,-72.3321561,18.5231224,-72.2621561,18.5931224
"476",6,"Ouest","Port-au-Prince",346,18.54349,-72.33881,"Port-au-Prince, Departement de l'Ouest",100,-72.33881,18.54349,-72.48781,18.39449,-72.18981,18.69249
"477",6,"Ouest","Delmas",275,18.5581224,-72.2971561,"Delmas, Port-au-Prince, L'Ouest",100,-72.2971561,18.5581224,-72.3321561,18.5231224,-72.2621561,18.5931224
"478",6,"Ouest","Delmas",180,18.5581224,-72.2971561,"Delmas, Port-au-Prince, L'Ouest",100,-72.2971561,18.5581224,-72.3321561,18.5231224,-72.2621561,18.5931224
"479",6,"Ouest","Delmas",168,18.5581224,-72.2971561,"Delmas, Port-au-Prince, L'Ouest",100,-72.2971561,18.5581224,-72.3321561,18.5231224,-72.2621561,18.5931224
"480",6,"Ouest","Delmas",150,18.5581224,-72.2971561,"Delmas, Port-au-Prince, L'Ouest",100,-72.2971561,18.5581224,-72.3321561,18.5231224,-72.2621561,18.5931224
"481",6,"Ouest","Delmas",144,18.5581224,-72.2971561,"Delmas, Port-au-Prince, L'Ouest",100,-72.2971561,18.5581224,-72.3321561,18.5231224,-72.2621561,18.5931224
"482",6,"Ouest","Port-au-Prince",116,18.54349,-72.33881,"Port-au-Prince, Departement de l'Ouest",100,-72.33881,18.54349,-72.48781,18.39449,-72.18981,18.69249
"483",6,"Ouest","Delmas",100,18.5581224,-72.2971561,"Delmas, Port-au-Prince, L'Ouest",100,-72.2971561,18.5581224,-72.3321561,18.5231224,-72.2621561,18.5931224
"484",6,"Ouest","Port-au-Prince",50,18.54349,-72.33881,"Port-au-Prince, Departement de l'Ouest",100,-72.33881,18.54349,-72.48781,18.39449,-72.18981,18.69249
"485",6,"Ouest","Port-au-Prince",35,18.54349,-72.33881,"Port-au-Prince, Departement de l'Ouest",100,-72.33881,18.54349,-72.48781,18.39449,-72.18981,18.69249
"486",6,"Ouest","Port-au-Prince",25,18.54349,-72.33881,"Port-au-Prince, Departement de l'Ouest",100,-72.33881,18.54349,-72.48781,18.39449,-72.18981,18.69249
"487",6,"Ouest","Port-au-Prince",0,18.54349,-72.33881,"Port-au-Prince, Departement de l'Ouest",100,-72.33881,18.54349,-72.48781,18.39449,-72.18981,18.69249
"488",6,"Ouest","Port-au-Prince",0,18.54349,-72.33881,"Port-au-Prince, Departement de l'Ouest",100,-72.33881,18.54349,-72.48781,18.39449,-72.18981,18.69249
"489",6,"Ouest","Port-au-Prince",0,18.54349,-72.33881,"Port-au-Prince, Departement de l'Ouest",100,-72.33881,18.54349,-72.48781,18.39449,-72.18981,18.69249
"490",6,"Ouest","Port-au-Prince",0,18.54349,-72.33881,"Port-au-Prince, Departement de l'Ouest",100,-72.33881,18.54349,-72.48781,18.39449,-72.18981,18.69249
"491",6,"Ouest","Port-au-Prince",0,18.54349,-72.33881,"Port-au-Prince, Departement de l'Ouest",100,-72.33881,18.54349,-72.48781,18.39449,-72.18981,18.69249
"492",6,"Ouest","Port-au-Prince",0,18.54349,-72.33881,"Port-au-Prince, Departement de l'Ouest",100,-72.33881,18.54349,-72.48781,18.39449,-72.18981,18.69249
"493",6,"Ouest","Port-au-Prince",0,18.54349,-72.33881,"Port-au-Prince, Departement de l'Ouest",100,-72.33881,18.54349,-72.48781,18.39449,-72.18981,18.69249
"494",6,"Ouest","Port-au-Prince",0,18.54349,-72.33881,"Port-au-Prince, Departement de l'Ouest",100,-72.33881,18.54349,-72.48781,18.39449,-72.18981,18.69249
"495",6,"Ouest","Port-au-Prince",0,18.54349,-72.33881,"Port-au-Prince, Departement de l'Ouest",100,-72.33881,18.54349,-72.48781,18.39449,-72.18981,18.69249
"496",6,"Ouest","Port-au-Prince",2100,18.54349,-72.33881,"Port-au-Prince, Departement de l'Ouest",100,-72.33881,18.54349,-72.48781,18.39449,-72.18981,18.69249
"497",6,"Ouest","Carrefour",612,18.54114,-72.39922,"Carrefour, Port-au-Prince, Département de l'Ouest",100,-72.39922,18.54114,-72.48922,18.45114,-72.30922,18.63114
"498",6,"Ouest","Delmas",493,18.5581224,-72.2971561,"Delmas, Port-au-Prince, L'Ouest",100,-72.2971561,18.5581224,-72.3321561,18.5231224,-72.2621561,18.5931224
"499",6,"Ouest","Delmas",430,18.5581224,-72.2971561,"Delmas, Port-au-Prince, L'Ouest",100,-72.2971561,18.5581224,-72.3321561,18.5231224,-72.2621561,18.5931224
"500",6,"Ouest","Port-au-Prince",298,18.54349,-72.33881,"Port-au-Prince, Departement de l'Ouest",100,-72.33881,18.54349,-72.48781,18.39449,-72.18981,18.69249
"501",6,"Ouest","Delmas",245,18.5581224,-72.2971561,"Delmas, Port-au-Prince, L'Ouest",100,-72.2971561,18.5581224,-72.3321561,18.5231224,-72.2621561,18.5931224
"502",6,"Ouest","Delmas",50,18.5581224,-72.2971561,"Delmas, Port-au-Prince, L'Ouest",100,-72.2971561,18.5581224,-72.3321561,18.5231224,-72.2621561,18.5931224
"503",6,"Ouest","Port-au-Prince",0,18.54349,-72.33881,"Port-au-Prince, Departement de l'Ouest",100,-72.33881,18.54349,-72.48781,18.39449,-72.18981,18.69249
"504",6,"Ouest","Port-au-Prince",0,18.54349,-72.33881,"Port-au-Prince, Departement de l'Ouest",100,-72.33881,18.54349,-72.48781,18.39449,-72.18981,18.69249
"505",6,"Ouest","Port-au-Prince",0,18.54349,-72.33881,"Port-au-Prince, Departement de l'Ouest",100,-72.33881,18.54349,-72.48781,18.39449,-72.18981,18.69249
"506",6,"Ouest","Port-au-Prince",0,18.54349,-72.33881,"Port-au-Prince, Departement de l'Ouest",100,-72.33881,18.54349,-72.48781,18.39449,-72.18981,18.69249
"507",6,"Ouest","Port-au-Prince",0,18.54349,-72.33881,"Port-au-Prince, Departement de l'Ouest",100,-72.33881,18.54349,-72.48781,18.39449,-72.18981,18.69249
"508",6,"Ouest","Port-au-Prince",0,18.54349,-72.33881,"Port-au-Prince, Departement de l'Ouest",100,-72.33881,18.54349,-72.48781,18.39449,-72.18981,18.69249
"509",6,"Ouest","Port-au-Prince",0,18.54349,-72.33881,"Port-au-Prince, Departement de l'Ouest",100,-72.33881,18.54349,-72.48781,18.39449,-72.18981,18.69249
"510",6,"Ouest","Delmas",186,18.5581224,-72.2971561,"Delmas, Port-au-Prince, L'Ouest",100,-72.2971561,18.5581224,-72.3321561,18.5231224,-72.2621561,18.5931224
